,mean,median,min,max
0,10000.0,10000.0,10000.0,10000.0
1,10009.519659204529,10010.408437076017,9271.803642193156,10679.644602552135
2,10032.278968977183,10055.548999773464,8985.219713867644,10913.457697220472
3,10048.124677902719,10039.221887157886,8876.086628155681,11504.59185317467
4,10064.208808898467,10046.854883279771,8804.436018495837,11457.487299370026
5,10085.544824339728,10075.92652825574,8605.370472923301,12018.241787847892
6,10105.919998258087,10072.941410805817,8482.365701916811,12036.792245455876
7,10126.368475100857,10106.89422966319,8281.095712455342,12356.51843377588
8,10143.449831112994,10075.185877065356,8152.679209022897,12361.133306349548
9,10161.1739914033,10106.794880001613,7838.900961035091,12446.077737828231
10,10186.002026531709,10113.783994465266,7814.984733751218,12781.419901482366
11,10196.706444706679,10183.67872297904,7996.518826059573,13340.872211054948
12,10216.650004161258,10150.661612804348,8065.543204493813,13682.304429099571
13,10225.02166800121,10175.26229457944,7938.519399298762,13281.84312049288
14,10255.430588169087,10200.733619737506,8015.861703938621,13605.253121572252
15,10262.768721058314,10209.813211929948,7649.7793881345515,13347.043609985318
16,10284.629995760424,10246.22549173789,7493.82171639592,14297.778739377307
17,10314.38232702897,10280.222012825405,7581.666020192241,14284.855629392458
18,10353.887578350323,10263.519591283093,7586.4784944181365,14803.917154659137
19,10365.033888796066,10314.087681262,7489.423707111181,14819.9837333966
20,10369.483837195217,10348.970439230055,7538.386667541576,14708.3492219386
21,10410.27123929136,10383.278670846066,7324.378243140447,14879.332944688857
22,10425.67498650272,10384.397163999385,7407.970395661015,15259.248493057956
23,10445.511742046883,10425.298848021444,7229.706078702327,15178.70051824305
24,10482.217914476256,10432.484253014465,7181.270403651117,15119.754217555428
25,10511.945646921418,10440.79038063354,7099.627744471073,15125.337770697937
26,10530.134160856824,10422.873080958143,7153.560515454672,15642.572367756686
27,10561.979852524728,10488.470883031536,7162.5430224782785,15516.025646556098
28,10574.79451326029,10478.272297474337,6940.043292380766,16308.977608820654
29,10613.27318847977,10516.024351493083,6912.857187321213,16532.766867814804
30,10634.04780981553,10520.748099328232,7149.229725590301,17125.04753974116
31,10662.009192291163,10553.240707026844,7099.079660137026,17936.630995159183
32,10674.79068998917,10569.838915522136,7222.269022331347,19059.49752950831
33,10694.795977565944,10584.806770541765,7320.938612367601,19915.72949636788
34,10728.200791803161,10615.594516893685,7308.425566269525,19342.486723210972
35,10739.826606471845,10624.024021034827,7201.22217645964,18911.428485049066
36,10762.26563440533,10638.883152585999,7032.246966824082,19268.532936449894
37,10774.625480142386,10692.023938138505,6984.132282950411,18915.360882685232
38,10793.575789579554,10695.773328644893,7039.040971624553,19455.811237953803
39,10812.80836785253,10706.359821233928,7120.648394888297,20076.91329156445
40,10814.46938755639,10714.641500263975,7150.688590495365,19881.824310040276
41,10837.486051236527,10794.191517016514,7182.240454217053,21081.72047774763
42,10873.178451304337,10799.305425580696,7060.215329566182,21812.127316730748
43,10877.592463611365,10855.854511692623,6789.871078416157,22221.225845032797
44,10890.58795650285,10884.989988342022,6705.283657670745,22550.730788829744
45,10921.630078297852,10852.226549871608,6969.895462085093,22986.1345169029
46,10924.896493035536,10793.35374429066,6803.371220453063,22008.382734189952
47,10944.296285398192,10875.43922874672,6568.187229002618,21386.849854986078
48,10975.74581481695,10919.971209516725,6496.679980284035,22094.776741171016
49,11004.987020541288,10953.598290718926,6568.293266010617,23428.366495687907
50,11011.524096813639,10974.104720479878,6619.850573001099,22752.630359238803
51,11043.607686286903,10985.541675898083,6605.840667544953,22932.688791818357
52,11059.47025721243,10956.424233897164,6439.607295121263,22407.9557627143
53,11077.314785509443,10965.159639743353,6301.216572667137,22323.110557298303
54,11089.5257002933,10983.45233422442,6091.35762109991,22396.697083537947
55,11115.018755375842,10999.818286322012,5938.376897392035,23311.093661378898
56,11122.540534715512,10999.432090677696,5978.043851184842,23557.455343506364
57,11156.252517348577,11089.587278815887,5822.919458015482,23309.329507850292
58,11166.66369404805,11077.560158434246,5778.0948642358335,23489.645822276714
59,11187.84287098113,11082.60031471649,5952.7810414125,22918.2411375443
60,11202.990660870253,11085.233533678007,6093.587341258939,22009.9516578808
61,11212.814901111222,11056.051147897917,6156.5405848757655,22367.091158492192
62,11248.67584369777,11143.848993321148,6312.009254103884,22680.396294908558
63,11258.973146067434,11066.31019826204,6161.800556381554,22001.368503242942
64,11264.279017727007,11111.341448123956,6115.282031228362,21425.930622538894
65,11294.235618476305,11083.76665368534,6192.4378856955955,21624.62950661832
66,11301.244439517863,11152.299565233656,6463.806019454075,21779.159725811784
67,11315.454686757352,11145.260428601396,6437.066523942698,21234.477865590008
68,11353.723517811908,11214.670890166402,6421.009655053252,20678.869469119185
69,11393.959174422735,11225.736693558189,6272.651766417978,21386.170681008454
70,11401.496203353343,11181.44326979218,6367.274595023425,21300.176213753944
71,11446.153626575657,11205.67277822991,6357.569294841868,21710.01345409455
72,11478.106467878584,11230.999761549147,6358.282053224779,21220.51696589582
73,11500.513218495957,11295.924916143053,6451.84816901413,21473.036782141833
74,11508.719962224639,11241.130331910841,6462.216652322926,21705.688879888326
75,11522.613434958543,11208.539721561132,6426.68547755707,22003.889206495995
76,11526.565181842676,11163.800491529439,6200.128565670779,22059.64461328036
77,11559.123860826545,11137.162339704286,6073.686830735584,21635.675888358204
78,11564.006556192586,11167.549633146857,5822.755323415493,21431.000196973324
79,11575.1583292789,11238.800644250128,5836.170200827319,21462.831602900456
80,11580.538692100767,11262.49080430596,5875.115868892382,21796.45546706945
81,11616.162544509649,11334.606510984573,5821.767848902414,22197.84331845786
82,11636.404570510884,11432.181464089717,6028.851770086684,22786.018433059864
83,11639.542032720497,11299.353751219283,6107.2589773690415,23058.966846522093
84,11652.509826881105,11380.626623782779,6072.282721534794,23438.070447831407
85,11674.735544163186,11351.406447785774,6024.288081427907,23341.73109029885
86,11692.67296975029,11348.439324803148,5869.136703672919,23517.468241680806
87,11708.04948519838,11327.08785855455,5814.795750201622,24618.84797324761
88,11738.778969324907,11329.183599555488,6149.873427831965,24492.49735343746
89,11769.85780264388,11321.66205565607,6270.886219023228,24978.716352911273
90,11800.636485107845,11381.630011993593,6180.9499452249975,24419.74420507822
91,11801.551153196931,11400.291384020229,6138.989916557393,24616.560409961417
92,11835.470959148084,11419.942716129295,6177.150160158605,24035.910090366724
93,11823.085300094996,11475.998070670275,6180.983481297496,23810.759347285548
94,11846.75519421108,11466.249530058836,6080.971777880737,24182.132161183858
95,11871.516677916996,11537.274913755411,6024.699565777985,24080.70558238943
96,11891.637690979653,11503.962175519771,5965.476360474391,23827.2488067283
97,11936.93126448161,11511.044482549076,6031.276306036528,24063.137773238403
98,11972.324486977013,11471.69154538726,5859.4142202111725,24576.82747429594
99,11989.03639200253,11553.406414393885,5850.017710547129,24837.072155615497
100,12008.22733715689,11567.63430750666,5985.71100019254,24225.735946004002
101,12007.125650448143,11569.107587444294,5979.79511315905,25159.179316049278
102,12025.207145543924,11591.39710099308,5891.941405025071,25011.364213096564
103,12033.96602691515,11643.664184556335,5505.522349820413,25496.42150303924
104,12060.187863193876,11666.038093699794,5584.478236075675,25732.601849425566
105,12063.503654642718,11651.063336266061,5475.799946306425,25447.59545050748
106,12081.425393847125,11768.405972403456,5253.194778555681,25399.24419589843
107,12109.811721114718,11874.328738243332,5169.157849142877,25544.6331964084
108,12154.004178553942,11877.122129378979,4998.729964604542,25360.354842912555
109,12172.376612777094,11759.465310382708,5036.782950121711,25059.189956450497
110,12199.801921100228,11852.06619400387,5188.982207490053,25654.46570172228
111,12236.287240868147,11842.511681511305,5048.894849323478,25040.40007273367
112,12278.580769563887,11924.04300466182,5032.963160228414,25474.63290410865
113,12299.901691502515,11900.967234964943,5194.781793809693,26135.361475603684
114,12329.645382592593,11964.641405284578,5412.452373542369,26396.509191679907
115,12335.79640577829,11901.254625322912,5178.759562489521,26257.703330190197
116,12342.084524682668,11879.548729565406,5260.716130189079,26656.976365620427
117,12323.967725346276,11807.033836272576,5226.280841280524,27544.31546991577
118,12360.251792447376,11879.320046565244,5043.2797958720585,26747.97317755773
119,12390.800302077405,11889.931351892594,4896.24847955617,26521.481904220247
120,12425.333122862829,11945.940602883098,5025.824740300891,26078.87714367773
121,12439.642845755901,11949.204057953295,5052.536375952125,26278.5813442291
122,12473.109392082595,12044.646344714725,5124.82532930425,26808.68102345598
123,12503.72484127378,12099.10410396088,5176.097771958496,26690.02620214
124,12532.508709548305,12040.269596006672,5333.93290297313,27640.69256979362
125,12542.746249598327,12077.756514276476,5463.106219646216,28029.963698518608
126,12592.616712381481,12141.54281730467,5353.448109411456,28536.641900446954
127,12585.384354939284,12015.342396270353,5383.220315014028,28189.854224907653
128,12600.737494206951,12071.609387529234,5402.213680829691,29410.657717961476
129,12635.51406770837,12108.270875896973,5222.54956020064,30122.48108430489
130,12669.644632136547,12109.557541056614,5153.1501714073165,31622.16845192545
131,12707.964070645978,12120.040575717112,5282.4324087367395,33187.65472709529
132,12723.5165870309,12013.480113240345,5166.312021380516,32637.041435781346
133,12744.528072904135,11991.137283669981,5438.3808785486835,32587.084748842393
134,12748.558451018118,12085.289272877422,5454.97355177681,31430.239291633818
135,12773.517198286025,12130.888941514873,5185.3276892593085,30686.33892256457
136,12800.542478739382,12190.975185268513,5133.724024267927,29761.779255722966
137,12823.69423924182,12190.085986671715,5380.94383554218,30138.01581139939
138,12861.682432750906,12241.658793542367,5387.216883526486,29682.148776179583
139,12889.473083456829,12209.358304990554,5479.0882634254585,30321.585699488624
140,12928.626075129741,12214.668321986792,5358.224654120042,30736.85137753812
141,12956.499697166604,12190.947396029936,5244.034995848532,29961.20440139231
142,12973.576284248316,12176.032526482668,5311.405888562283,29547.49515550244
143,13000.189645687517,12237.85187023379,5199.723860072245,29498.600231975342
144,13022.813591825341,12282.288101895123,5170.970978763711,29143.54136575898
145,13050.141996523871,12339.124703390702,5172.6153032469,30339.257353239842
146,13081.667141732465,12283.735647097887,5459.867758375752,31596.673731985764
147,13090.685396039044,12243.388392024817,5394.4540254808435,30987.06500476654
148,13097.344144038521,12378.402729092786,5254.436539728123,30518.654398480823
149,13114.894208742975,12416.307868582351,4936.608155687597,31233.39328488209
150,13143.532282334905,12382.64867394952,4781.281389658691,31028.668326855797
151,13149.33778560152,12268.005050266867,4462.929213054719,32065.782607185352
152,13201.302650398387,12490.713116502006,4464.243104792654,31593.333627690754
153,13233.842735110387,12473.718980663583,4321.902958094621,30529.230903382486
154,13273.546135429715,12532.595982959798,4518.428918391832,30841.460181050523
155,13308.173064957176,12588.640241053039,4644.616200220632,30712.93084174393
156,13318.809608394995,12545.90654502973,4674.897079479794,31197.33446722667
157,13345.969932975671,12648.935215780317,4673.95491455073,30719.378311961093
158,13355.41910740503,12592.42726035056,4861.088062280636,31205.672497832704
159,13374.818398297077,12621.141813366365,4831.362247881939,31327.311363344957
160,13387.012169306554,12620.46843914481,4763.254289445198,31372.613383238313
161,13437.276969068682,12688.732664927178,5057.990156348843,31794.958870941548
162,13479.778718889118,12827.651841893592,4975.449104969161,32833.30290476882
163,13523.647959128071,12850.427716258238,5105.931438512062,32851.22170781748
164,13556.760381390888,12863.268663264673,5160.720787848323,33377.90291039561
165,13588.725999490367,12895.623413627914,5159.316204506495,33221.4481525
166,13635.326919554009,12926.538808450223,5090.61269249199,34039.85176301499
167,13687.339105409708,12887.27831203464,5205.3502110924455,33387.461677654675
168,13715.782786570626,12875.5556872915,5114.7953336904775,33352.72678933792
169,13728.417387876618,12770.5412984435,5246.433336946342,33677.448337731206
170,13737.13558804355,12934.571171698077,5293.278264980001,33881.90104817539
171,13745.890327263673,12986.178865585081,5283.847060147521,34707.49445544294
172,13764.776653237415,12964.215375711794,5173.434402241877,34383.80056662301
173,13781.288088173123,13023.708429045464,5081.827217465778,34272.537333167646
174,13782.319361833015,12980.617616698813,5064.454934949504,34940.260816848306
175,13805.946422647225,12984.330290550834,5177.505120878361,36177.765738804235
176,13841.038179705676,13070.424614325912,5233.31668066176,38884.76455062315
177,13892.321256781972,13009.957859893868,5201.010885024934,39258.767703852216
178,13956.071546303983,13147.31514925322,5228.338536610365,40222.732410575685
179,13960.279336570644,13077.791781438029,5321.944593313339,38658.69484610179
180,13982.192380218932,13174.782000888325,5150.396443856358,38748.75064494864
181,13996.609797722078,13164.740009064348,5015.356198421156,38564.637073352016
182,14017.354502908272,13062.676966733097,4968.126320026769,37421.12192458774
183,14033.318456404833,13084.039859558387,4807.669021968037,36141.077553870426
184,14033.108219813033,13171.412261207694,4752.688791483725,36729.91595299624
185,14025.739333249363,13087.757223376724,4831.148833426312,36786.29723698082
186,14031.658670800472,13243.433325302667,4791.501837487866,37887.78137108765
187,14060.096787543422,13238.347928398756,4939.146326721924,38672.21862239067
188,14098.83535469983,13296.024678636571,5158.001352012047,39302.707192315516
189,14144.888977834886,13220.5241518567,5103.0679484994635,39143.546371082324
190,14181.269677838383,13220.376513564273,5286.144045550759,40813.1793765744
191,14212.2740687634,13231.695991142691,5515.337697288563,41884.13118840252
192,14244.31686974633,13265.100891078517,5637.044960569639,41081.81461327806
193,14307.757605035164,13400.42964148002,5528.293873226048,41017.00020027762
194,14303.368759605368,13350.788694971965,5482.618335705688,39171.6976764719
195,14348.957299053121,13419.253160503382,5402.089699941225,39233.382200286054
196,14351.142751632784,13366.094170486558,5329.460166596095,39315.00942047509
197,14408.409958660095,13441.330392127733,5293.280677400169,39111.95430929524
198,14385.706847395548,13522.752696837333,5388.697676550162,38326.744535259044
199,14398.215373135235,13425.29068137459,5150.286396676936,37359.650624358525
200,14414.385972597562,13395.44100597512,4885.74846570441,37689.15724139316
201,14434.145267120435,13485.324876860379,4789.729984335459,37270.93173446166
202,14445.910002726934,13475.711401294195,4855.834648711876,38352.8832756496
203,14471.261637741733,13544.890041409339,5073.578798432479,38741.11519230651
204,14478.713923447052,13475.508653112276,5211.265522519983,38895.075693899176
205,14489.299077050557,13583.62678957304,5133.834014270053,39166.10493459815
206,14499.955428683379,13592.57878510042,5162.901827688197,40098.20346163192
207,14537.142040596822,13564.630361544665,5244.065019385277,42155.76122139094
208,14541.658782010409,13519.50872638079,5125.683779667411,42900.30457136492
209,14593.972260520375,13484.091469790153,5099.993389566123,43075.2367335781
210,14613.100585709546,13558.296784686092,5057.427341383744,43824.75264126233
211,14630.517868838226,13656.556546706184,5036.095294744606,44309.28889681801
212,14642.601460282725,13623.499876642049,4866.086148421034,43688.97741186409
213,14696.338221596157,13711.221389949826,4922.0829692676325,45027.16208740397
214,14711.093997856753,13850.211661472096,5008.917773653263,43809.4579957844
215,14716.161973064436,13791.679262054964,5142.389205913566,42291.49961138326
216,14758.010722095833,13782.0884254639,4935.317457094886,42631.6884111654
217,14779.541229993556,13878.562668247747,4940.805555515039,43327.27092363743
218,14807.65900869373,13949.51159437698,4987.430610924174,44323.82078144801
219,14846.370818847907,13935.854533662941,5104.17046084993,44499.57105100216
220,14861.797268059467,14007.557866021352,5006.205668632666,45463.67755970773
221,14899.784373169015,13953.072443468653,4974.333129817802,45883.76648189895
222,14902.680025462276,13998.448218773472,4867.542400410407,47170.53555602947
223,14924.052019493636,13809.618394663052,4828.001236221082,48063.23407088968
224,14949.95267723041,13820.917421166747,4928.213447087908,50325.41823684533
225,14978.681861545354,13853.790867419564,4858.374531616369,51517.90001144072
226,15020.674718886772,13974.87613607567,4871.137607100872,53083.81183290056
227,15022.710428628177,14024.987096334738,4872.746553779741,52221.26314696816
228,15070.43516113581,14006.058976422904,4677.180359544801,52667.167534207976
229,15087.276167643953,14001.17252789264,4648.7149508041775,54605.44532441093
230,15128.399592074731,13978.028586486851,4694.629093382205,52863.23206042094
231,15163.649742943036,14258.273450766299,4768.744878203768,53116.101406231806
232,15189.552756657558,14356.562340605851,4833.483736339998,52973.99296678753
233,15212.753975706264,14263.62933715013,4849.792733178412,51034.34875591849
234,15254.99583765589,14218.401481043062,4797.587875643198,51135.14669030896
235,15260.61069628253,14260.044754439223,4664.923824785049,50882.18434851281
236,15273.353461182498,14300.773867498427,4541.550662754861,49071.55373754661
237,15276.05380867751,14341.54443056456,4773.730736461417,50781.489601480076
238,15313.674065294259,14406.30415376119,4653.058167125708,50641.63686909514
239,15339.998123639883,14343.025459148104,4579.385512254751,50874.78100998969
240,15340.643213091464,14153.536740386335,4436.834979010003,53043.440642756446
241,15381.885490065115,14297.531609864338,4395.253633615318,53151.225934217175
242,15417.089447392298,14251.75117231654,4485.87846168953,53673.262538710675
243,15450.074427441577,14462.791783554585,4242.444292662781,53556.34834251674
244,15485.032858572811,14449.571567327952,4278.319603821573,54497.026474735445
245,15502.379316618231,14421.470273662193,4027.0428541757196,51512.07704110109
246,15526.470059694619,14355.688457988663,4012.5226983906705,49565.7208721882
247,15556.647578863645,14428.634890889658,3959.799141405802,49844.16460856927
248,15588.771475689384,14353.203679251592,4015.5857785626954,49794.378391059414
249,15631.497153979983,14507.880839590604,4071.2379559533165,49536.878043079094
250,15665.477193602012,14504.591027998664,4003.999892648803,50430.53393697425
251,15696.725988598377,14549.345262818524,4048.5988563266737,50923.830108441325
252,15726.311841031957,14559.50258369392,4164.76521687636,48871.456552134405
253,15717.37968289784,14461.272278126698,4279.524326465407,47665.14809844425
254,15712.651243050263,14533.295580560965,4479.554757876278,47471.76917394987
255,15743.237980908409,14714.180465639389,4346.266694973254,46434.13673446343
256,15767.54067965843,14799.845732596286,4365.09337016915,48061.34567795214
257,15770.745486348258,14741.172822264718,4430.273956571782,48027.832100568594
258,15794.45246082958,14879.616540032092,4418.381142309637,44973.37942106029
259,15807.446036115194,14789.101464514815,4602.081797008394,45269.45013427272
260,15839.427747721804,14618.784827168274,4492.760649033754,43179.75590734683
261,15866.93902190353,14696.670926539986,4512.480426165707,43197.239242616066
262,15887.89693929888,14926.698668490058,4413.534856862513,43290.73231113721
263,15900.847633742242,14974.633003590281,4423.209577743963,44036.9994296944
264,15946.026026192132,14854.285795142763,4347.778334254903,45034.58852282281
265,15950.605194779535,14907.033949228695,4441.229873786079,46177.46292404369
266,15984.551178540074,14853.154533955281,4297.558086231379,47104.29627086225
267,15998.605684003882,14968.184854925006,4253.835328014998,46312.533966093775
268,16035.170630238514,14883.02393775708,4448.4598863482415,48012.12152124416
269,16089.018907740221,15065.469202006572,4473.025456010487,49914.03037612189
270,16124.665447204015,15002.321076803335,4539.280401803232,49436.306510485505
271,16139.001659682306,15118.393979983552,4701.597915336335,49351.96033657161
272,16158.994312301227,15175.842343379258,4629.504288070915,50176.20416739205
273,16236.676612202937,15179.611815689595,4490.196509044548,48968.230775074204
274,16236.129266880405,15237.332336352663,4455.882713705061,48058.57230656323
275,16313.640882699685,15332.383530821084,4557.361359400816,47530.902164319356
276,16338.875674608009,15253.655869424161,4568.459441849289,47325.69824708058
277,16370.160179859435,15334.600538306802,4418.832398838434,45676.74609487776
278,16433.308751109773,15405.44050560495,4241.658158670085,46937.76254593759
279,16490.934915422302,15335.168229072802,4210.581018625905,47761.301143567
280,16523.274315910836,15357.180896927073,4028.8986243601753,51169.98292507091
281,16504.731686647425,15345.374976231395,4009.1407919621647,49137.374058947236
282,16509.56637439405,15422.630523932414,4070.339149395051,47947.81305171378
283,16574.6042771256,15323.320118502137,4036.5538793297524,50312.78339352908
284,16591.426740776416,15415.35374727049,3810.8306583766644,49746.10367274896
285,16625.872370538003,15245.014283089691,3871.5842944618457,50791.331066448605
286,16650.1634155423,15302.998504500902,3667.073426947069,48899.90146188516
287,16676.920346085455,15279.834245608376,3649.982103340237,47935.369867928974
288,16668.502124604176,15429.96141784578,3648.1123587356155,48229.01554395052
289,16645.890085740808,15441.32601525678,3614.0869870669285,48927.99513500909
290,16646.092207569873,15365.04169027875,3610.099643473935,47995.65093012959
291,16699.445592345568,15428.773787811218,3569.472149117027,47697.260631289035
292,16729.054312606953,15434.462507961509,3621.19776208285,47495.772096753666
293,16769.162031943448,15526.163865249597,3607.2708185387105,48337.73567891527
294,16829.31667479182,15534.242641428948,3539.542302826347,47766.510391399686
295,16870.82306124647,15556.594145063833,3612.674774894766,47912.86579775446
296,16899.754011375146,15715.035061653096,3636.7270286305666,48133.69318536428
297,16925.42800630407,15669.81057278496,3672.4080189915635,48987.17253612861
298,16938.73019287535,15839.161981306388,3550.1770062614096,47842.53550756209
299,16935.52241324772,15831.908516811505,3668.851910843262,49032.25638434235
300,16951.342104086427,15828.586671993988,3419.0985764195675,48982.242121554795
301,17022.76604021701,15740.98803407305,3410.471274464958,50121.10308740199
302,17038.561860245347,15711.449098005487,3382.725008890113,50793.640959672855
303,17068.36907102462,15664.383503902685,3541.9611358891607,50905.849412349235
304,17076.96501637851,15740.20549534536,3613.731928393064,51350.70421332818
305,17141.233741198626,15816.103016949908,3531.379145815516,54335.192410401
306,17223.73794895278,16038.648744159145,3576.6302754936564,55567.32009261268
307,17267.931300087377,16093.412859334874,3545.2932456825542,57190.730146169866
308,17318.29891680621,16044.408691873474,3374.6047775676984,59623.81851667568
309,17358.801829732576,15953.990536415584,3469.1394201008256,62479.75988028205
310,17390.067528219934,16010.388408692392,3564.760862896917,64418.002828796256
311,17445.42316176446,15966.888690473976,3667.617156718313,67669.55757126426
312,17476.143897117927,15931.974334726356,3636.9255044798915,68535.44161029947
313,17523.17931339844,15938.171104605266,3693.8748406800387,70434.4609260824
314,17530.709394387344,16060.991186577085,3839.694035008383,69443.5173708486
315,17555.236699890673,15964.907724645596,3990.807938956123,68854.99937438052
316,17593.674061319485,16117.659531792036,4008.3337070431285,68091.19783456584
317,17587.469483345052,16133.030508801345,4104.629178262922,66820.21753847718
318,17617.825690170972,16230.105203462832,3964.2188213443446,67940.8558550642
319,17649.146973503266,16185.248309805642,4150.040615230258,69712.12118357394
320,17703.65163782288,16359.955433812554,4084.9069247098973,71150.49976736645
321,17690.06601062342,16171.460595507968,4166.145756612194,67761.08297486522
322,17719.663610564476,16388.780045361505,4076.4374990002875,64037.99704328397
323,17779.31588687314,16220.892212095538,4081.8697192978216,63068.25417754258
324,17802.681084350577,16285.67724450209,4194.734463360128,62265.58853862065
325,17842.779151546525,16311.350773521033,4194.663489886642,64208.05489387887
326,17918.685060181502,16355.47018115478,4284.626700176902,63704.361062431126
327,17926.03398374495,16332.773799647572,4355.352884786213,63764.54637914838
328,17968.89481869928,16411.52071498769,4456.808589369321,62960.015132925226
329,17982.57128087225,16387.663723132395,4365.403207483201,63320.83186200887
330,18018.018821615755,16315.64879972756,4383.753932484938,62183.71104513599
331,18074.360257884615,16386.914762777495,4465.001846185625,59316.97134292919
332,18088.515786042346,16460.163270599827,4616.189331149976,59185.784977404524
333,18134.581600770038,16497.321100301557,4526.073350322902,59444.3713744355
334,18137.00890957814,16499.211212683575,4530.80229529032,58216.6091514918
335,18159.071367999462,16672.74421568517,4363.433333755688,57683.88192583293
336,18195.747995941492,16790.26530415325,4240.299487589621,58726.84511749333
337,18190.564037761913,16646.07968374154,4266.373056066401,58814.06519832994
338,18246.80542921919,16775.71504415764,4359.698114946902,59507.54766967981
339,18280.924984258843,16934.16781028836,4376.264211219952,59114.00447716118
340,18315.0603589412,16959.975034281244,4589.6396067790065,59724.5016659036
341,18324.362350636373,16839.42507032953,4525.764158834447,61791.03009704446
342,18384.514722429525,16893.24590749696,4430.896480583341,61952.02770467565
343,18433.200303377063,16761.151943890512,4526.5102619210475,61957.81223539163
344,18488.888971944056,16945.17253800905,4536.626751147575,63962.22667652778
345,18535.861395032473,16953.079460536916,4617.372338264174,67057.5718791019
346,18580.65725475436,16900.216836123866,4759.910647639704,68156.14350449036
347,18616.395898072235,16807.75584481135,4813.004035594282,67902.8879330274
348,18659.288887953346,16939.727499776254,4755.410944707736,66885.04672601359
349,18691.412052886382,16908.18492883976,4726.098208129943,68001.22084618305
350,18715.61414168255,17129.181817568737,4776.061144568141,68233.15113782314
351,18723.745066215855,16917.764138139337,4615.975054950071,70210.87473748016
352,18760.855206653465,16954.16392449575,4570.198920150701,69242.41195524606
353,18797.157803058286,17066.131178317948,4496.76457926079,70781.94205936081
354,18853.814644328228,17000.959034940624,4565.107309915646,68039.07669333092
355,18857.19082991667,16964.679372958828,4589.583646143026,69171.70631132716
356,18882.62669428964,17157.149049613854,4624.234571580891,69132.87431457246
357,18928.874761760915,17065.425074703984,4567.800909729143,70364.62353907288
358,18956.244784845112,17235.250048873386,4534.682964308106,68511.1135843199
359,18985.411722716904,17371.207993083117,4319.125676937901,68669.40253460295
360,19009.281947013318,17441.91749637161,4453.190068598282,66859.35021000952
361,19041.456436008157,17398.98458563833,4537.703704095781,67386.56827172799
362,19053.80757123927,17572.582882177343,4632.29187933799,66322.79962996619
363,19098.047981442884,17594.63390698871,4661.183893010393,65398.68139904737
364,19108.863343828438,17672.420629146036,4392.073643496758,68174.11318038186
365,19141.437669962477,17749.74843470055,4322.401478187187,67976.56139093294
366,19202.536035245947,17762.187368766732,4263.225148981187,68006.84025156367
367,19243.354709257717,17748.071658740435,4413.549293862647,70896.4078070003
368,19286.82191435121,17552.000617258156,4345.062009169418,71697.52710498223
369,19317.40901998989,17642.081498463416,4379.320814392297,74535.00645766236
370,19378.084154130178,17667.895558883647,4408.581308613549,74184.29050124114
371,19418.552254499104,17595.791222528078,4271.585465698523,74900.84108507156
372,19448.685446658194,17685.518613004333,4314.97382952918,74489.707578928
373,19459.313413558953,17781.76069081713,4484.6201291558855,72704.00041059246
374,19451.72285853138,17974.3211116888,4596.891559592405,70050.33043949566
375,19513.726976064714,17966.441411781707,4625.94097102503,70137.84007755265
376,19506.13335760095,17993.159453318833,4618.031867740244,69046.56435524838
377,19540.60914305092,17751.86992950441,4953.244280176821,68195.79935840327
378,19568.158017093578,17846.444268679406,4844.918794460523,70206.26272033755
379,19595.89891743611,17777.790468994775,4802.600301278106,71435.65366180842
380,19618.035902694897,17807.231921508428,4682.752421463338,70676.22740943433
381,19652.86782791474,17696.569684840335,4733.80021375195,72277.85492629315
382,19687.34960088859,17716.482005281985,4601.831539329556,73240.04460739187
383,19706.453410389455,17761.43715722722,4631.22775569276,75818.59755610478
384,19758.266522398168,17671.099556260877,4740.981934832066,77307.2465004125
385,19797.178346526285,17808.270345327437,4743.978771805147,78316.72234933144
386,19834.165531152175,18019.602888845726,4663.43169808154,78868.60474052453
387,19837.140248552663,17842.9091999964,4579.30992371455,75841.64641632163
388,19903.968562845177,17703.472884644954,4704.383835717114,77097.31479634962
389,19952.634918300515,17749.94241407621,4610.726940611579,77707.67887023569
390,19910.71509647914,17796.142673011003,4458.144905494655,78313.69972650253
391,19988.85659375415,17791.75516982566,4337.12299686921,78713.28367450999
392,20000.552896100806,17712.056840063018,4395.3427525817715,79951.6269504876
393,20076.269657239307,17695.990063105786,4493.810183184239,80457.21723737163
394,20106.15254639334,17730.048667817,4481.81440817994,82744.91735364225
395,20161.72139271826,17959.94669369714,4624.5055075938235,84997.7110797213
396,20211.811068218147,17940.824540024023,4664.599555130152,85758.14021415805
397,20255.38889576018,18001.01408465155,4684.684578422122,84093.47615228478
398,20278.3356447572,17824.52069577195,4761.908230173658,82129.1329084675
399,20268.42211807051,17882.05549105269,4686.242985393382,77897.37815053244
400,20299.332739846584,17915.167865973417,4685.193325728479,77641.6399320531
401,20351.083421523443,17992.04121326132,4683.074238473666,78168.60874198285
402,20406.28297224707,18016.36756966175,4756.215051577704,77814.26669021994
403,20463.406533090627,18048.000122761398,4635.1485375429065,76980.62456912854
404,20508.672581187388,18169.247219790726,4528.905941699733,76801.72174550331
405,20544.675049571266,18377.929988643456,4572.429113861816,77491.54842260815
406,20613.99271653503,18533.89911005453,4520.924506118718,80009.3191076207
407,20657.203763991383,18479.13761024502,4642.001147139421,81181.9120509721
408,20650.00148939382,18374.861675967903,4556.388722626289,83288.02824854177
409,20655.25143611093,18243.219133197537,4669.995027031242,84381.37353796553
410,20690.900648869065,18443.639011787473,4617.252467848397,85375.52136287742
411,20709.405868778133,18432.74905366814,4537.486493393069,86464.40916336891
412,20729.097032518388,18377.254393442272,4587.806305416506,86284.28031055922
413,20751.19595715984,18366.804913847176,4650.363767885629,87450.54262448382
414,20766.131619330987,18511.227316798428,4606.485349703212,91969.12816192459
415,20780.194687985375,18342.56526422207,4605.451658140803,87589.2577901456
416,20786.24402360429,18440.61814443505,4557.581211986652,88140.78513804672
417,20803.37936738953,18518.058075664627,4607.975386361506,86810.21037043739
418,20814.66884764238,18474.611071142168,4585.038170033578,85349.20390712998
419,20874.31630483409,18580.05610304383,4513.061187566848,82761.88045050186
420,20903.962303407767,18319.847218308,4472.667530429104,82067.01348072334
421,20997.9647771813,18482.613165048406,4578.990944253034,82375.75123654364
422,21047.380588883112,18469.93485309626,4501.789779417993,82601.55260343563
423,21094.41951773085,18621.67644174186,4471.357802450872,84696.62565744841
424,21137.723315615567,18394.006464657603,4587.243931187211,86253.77285532409
425,21200.45471626176,18531.89155822175,4595.923709442568,89745.35891482401
426,21245.43014767483,18529.504813212698,4622.406443684895,92039.06099202181
427,21269.36494056541,18452.71513063009,4490.443846595382,91245.2569985696
428,21317.426057197907,18719.8877332036,4362.223851021271,93154.80480908093
429,21362.282592263375,18646.42097339542,4343.31923234058,94491.13384680872
430,21406.754972269613,18574.88736353731,4131.659220737078,93221.45311895138
431,21442.557705129817,18744.94708084072,4144.063131181426,92401.07367061125
432,21464.538269523724,18766.00780313935,4352.867240580382,92528.79371907751
433,21472.597048968484,18655.9777096497,4177.239771991809,90733.41837730921
434,21506.300932426715,18472.855925694937,4160.210901498925,90813.22423425286
435,21484.121513535007,18640.424112512064,4303.541978197899,89211.75653968265
436,21515.29546644438,18585.517325266886,4360.329920253122,88063.07157715497
437,21528.26379279505,18639.155825727823,4360.201611920098,89601.30871107298
438,21578.849620795394,18704.430195280293,4409.770622502824,89561.19022121586
439,21641.774836435143,18880.871645652805,4432.897382176678,91307.21929691455
440,21623.78600852597,18805.45454507153,4393.753431233589,94125.28637866293
441,21585.87604743718,18716.850031939757,4334.287832727941,91665.85531091857
442,21631.00489310359,18683.093657508107,4204.901181669935,91633.14100214413
443,21681.594329355823,18721.561435362382,4114.0083025654585,94311.41915814257
444,21735.12765940839,18830.32306281856,4082.89661984185,91056.51735274977
445,21746.14757870196,18931.237065808073,4190.776681489866,94778.30543293344
446,21765.61261947394,18936.417304584334,3985.6991971343364,95151.9226067232
447,21818.2196021135,18910.612122970055,3922.4260721991554,96099.26529969767
448,21828.713733489993,18991.96347236994,3972.644146978611,97687.95347262785
449,21856.046811276556,18959.064384493468,3997.8453818437106,98338.98976677809
450,21889.569531861485,19090.429597731785,4063.256407707008,100299.98342445302
451,21959.644972881877,18940.491599316443,3986.6225613400643,99770.9282738856
452,22020.296997404985,18929.488590672063,4057.0800770440906,93807.65831546653
453,22010.611515301494,18992.425028908197,4092.3541716359987,90634.30646022866
454,22046.38953830434,19144.20528829929,4096.4181590943745,92527.5418461998
455,22104.240116365385,19329.98594418651,4202.793264050705,92940.9832987016
456,22170.104541988916,19268.2501429661,4167.00240350756,94146.74771162118
457,22214.289896770326,19238.001313590907,4249.255868404429,95793.29916925602
458,22277.691242578443,19555.693667189087,4271.463597091271,95283.59854423538
459,22286.800507859796,19623.519779364222,4437.957463612755,96481.99262224382
460,22322.22585611211,19692.76465615865,4276.758051781379,99184.15805385065
461,22337.584629164714,19653.59249947261,4316.115710373135,98357.77716336012
462,22372.166390631053,19431.974637025585,4096.466371662883,99500.55560948966
463,22433.95825560694,19585.821581635693,4128.954595994984,101737.3611067872
464,22478.200723497972,19451.035808414683,4106.171510504132,102818.80880927455
465,22554.484768978222,19522.36666157212,4050.7488110523523,102382.86027548465
466,22637.599158376004,19749.693700481486,4150.616600629873,105317.2644028294
467,22644.72960784387,19770.443756553388,4108.405631537136,107335.42789894863
468,22704.590328699873,19761.950387588324,4134.121955078973,105386.8958065577
469,22700.8457981926,19638.379518482037,4131.722321361003,106568.72054647999
470,22719.001009186068,19537.909714490772,4213.455516957548,107249.86804518208
471,22756.09222111838,19583.17516565533,4147.84891964404,109434.24866787241
472,22759.057934905704,19563.429513138693,4125.063035408163,104403.3913846077
473,22852.82804408856,19633.882506225025,4167.635433531728,105279.77517363569
474,22873.906372895915,19737.309057940023,4003.9123412335375,105404.53638501982
475,22928.811957004047,19896.8820292421,4107.120458685048,108634.2101055691
476,22997.459165483648,20037.141046063232,4086.051325999797,109470.62173060044
477,23077.196832515157,19934.120056201224,4139.336041181522,113404.18396420853
478,23134.222970827504,20014.67876463522,4152.430905811396,112399.28021983204
479,23190.393247296037,20392.927859024087,4272.376700834274,111058.16730500983
480,23135.638876685065,20439.524957388454,4135.150264477763,108295.42432712529
481,23156.015872001928,20539.944513051574,4044.660587589706,106900.9025710962
482,23194.55613009445,20297.608422392183,4023.5523190751387,112160.16656896408
483,23205.55582549868,20231.813000013,4139.516783541611,117137.82914633029
484,23256.87756948576,20483.91908615645,3927.2194842627623,116783.30669111492
485,23327.927315488203,20462.10705088752,4047.058311872976,119712.81447581637
486,23364.334355114206,20421.273263934858,4037.348207980018,119082.0856146303
487,23434.187385676792,20569.4682856341,3928.835256249037,115884.64929083514
488,23489.64244063148,20908.766336142027,4013.5804830739235,113662.68441038922
489,23541.98986384463,20857.92380363263,4156.603232918467,117626.09460471236
490,23561.67218618848,20814.106912241543,4161.893741349511,116525.37255338534
491,23628.470944212157,20674.658299949086,4102.025759472694,119525.74863912095
492,23672.887122326953,20994.497322987736,4083.0271190044036,115146.75534856046
493,23675.86636090985,21082.458456080953,4002.9875599017214,114484.73629803081
494,23743.135847261652,21093.769747420552,4006.121456428266,117898.8914993561
495,23804.23122634507,21058.186894001832,3975.6377255768384,118471.92470403793
496,23822.584409984207,21184.51668606734,3882.3276180802723,116712.65955456247
497,23839.221108397687,20966.5102366629,3806.3488835728904,118269.45334755481
498,23852.325359022936,21001.09664757669,3890.658909319212,122175.91696001789
499,23844.746785253283,20855.39340300405,3867.5596356514493,121866.9601685501
500,23849.612785165245,20895.83496511998,3777.424496090005,116458.32737064922
501,23858.1689399731,20902.07712524342,3776.6629125035306,114028.29087047296
502,23946.100776547086,21030.489425872747,3776.781796616328,116693.91624495173
503,23926.487763469708,21118.14797227774,3731.0158778400487,113691.80243601477
504,23972.68413136689,21056.785224632567,3738.102430839665,116071.37375786703
505,24044.089591231077,21199.22970408684,3779.354292720597,114602.84273492882
506,24124.16189138466,21194.432042685286,3695.27369452275,116397.33474732118
507,24185.986327520382,21286.61942889291,3755.155899861323,118943.66201169061
508,24204.73792544572,21452.97347990228,3827.4334402923378,122810.72985772781
509,24272.365130762177,21308.14784998998,3835.5945925697815,117905.33606443969
510,24267.744809450815,21639.84079908655,3862.594053969621,117613.99992787234
511,24328.540119536832,21728.28999363645,3841.5355781858716,119531.64048510953
512,24346.97629607312,21705.80458579898,3833.835360251859,116370.877544983
513,24357.016122942852,21746.642106024618,3898.5225819073453,114955.90850564263
514,24395.571291033775,21773.685103038886,4059.638242147389,119817.4061860594
515,24403.087133467117,21811.79409500043,3996.5876328898084,120735.4122715139
516,24433.235197236198,21759.000465186942,3985.4828729759624,115819.41526322959
517,24455.267490262777,21654.503082773972,3862.5007851113264,115861.83602208373
518,24508.778717232377,21670.487455857696,3613.8430332647076,119194.69435389961
519,24526.90428875062,21874.528576505767,3682.665525995591,123499.10446181336
520,24561.389768233705,21856.38308881869,3722.5142231791287,123528.60788983696
521,24593.209289763552,22096.33474962468,3673.022464850261,121395.77146013145
522,24615.62567620017,21766.996920376958,3685.6291356188,120124.23917973395
523,24640.941629443394,21905.753843580234,3692.2240411825865,120329.70554954799
524,24637.8965699995,22053.88425033554,3789.7517285831277,120892.87790823604
525,24614.212748165122,22168.187636128812,3822.910791165047,116210.90532746747
526,24614.34677160384,21902.202675298515,3926.3111638864953,114260.33588404614
527,24653.84021409873,21891.37029046902,3990.534279387491,115824.01844076817
528,24696.480409965287,22076.759644622958,3842.5211042808883,115668.68903204786
529,24723.468829487683,21799.57702067952,3897.893061920353,116921.13547545203
530,24721.642863930865,21747.209637299555,3769.92763446547,115142.47113422219
531,24808.57367509254,21977.706756014602,3808.2445774239004,119426.55773304126
532,24826.953721978767,22140.898692658026,3783.516320495454,121130.83922365925
533,24860.680117341486,21972.71534855031,3892.7307770693237,121367.53750428728
534,24894.371985127473,22137.2515073383,3787.3355124167506,118818.91939931014
535,24946.341230623675,22078.59086461025,3880.0322669685333,122921.90273587093
536,24984.119145101293,22042.577191376233,3864.902413195862,123967.7250990008
537,25008.48881651046,22121.19653988942,3833.218855492632,124634.67665770963
538,25029.88340435826,22281.348965243902,3892.454301681145,124047.76436166733
539,25023.126875928625,22307.982247428412,3822.626833891723,124149.38745156054
540,25090.772748969295,22213.507685198645,3776.2470900724356,123464.27244418031
541,25063.42429418471,22276.916090951014,3837.6101651127533,125304.17926959952
542,25102.26069658473,21997.37398125256,3771.1408601920693,130413.66582080207
543,25137.094959353642,22244.807557214448,3816.1106484690094,128646.13067408353
544,25164.65243463431,22050.642247735053,3710.640286053818,126259.15799315502
545,25300.13652400902,22195.72400272419,3606.1159021792823,130048.174610897
546,25364.573142486977,22024.862937015132,3619.1503332634197,125078.79226969469
547,25381.567163552307,22176.40319234236,3615.1522107563665,126470.19574684738
548,25436.563348042306,22215.565167343135,3770.023713881548,125583.76413008188
549,25478.854748109738,22189.467369014554,3789.284573192182,127631.95176477169
550,25518.68402529587,22141.663567566688,3826.8335117991937,130335.69988291925
551,25559.72814164401,22219.827719641573,3846.471669473256,126946.11890993414
552,25607.99123246712,22455.98422117807,3805.168116778228,125722.48148170217
553,25651.115248986083,22684.39144572837,3850.4099424020374,129962.77821046396
554,25704.89423102472,22607.53539038861,3942.1897852315064,134125.1073023565
555,25780.86575467579,22378.43953037327,3755.367524414,132168.5509958182
556,25840.59317460222,22397.28099066994,3933.3804395956627,131707.89978739579
557,25922.50007864353,22365.718505496243,4109.44976001536,131507.47713190792
558,26004.21838751096,22460.647516589568,4184.890373917323,136490.8999577165
559,26020.886602300165,22995.393531641672,4043.807118290119,131839.24590549723
560,26057.59844370841,23189.943401476034,4060.94581733439,131666.10699613046
561,26100.48392421327,22808.226894955278,3940.478144118945,134707.71902775843
562,26188.158088373937,23083.032171688632,3938.2445427745256,137457.4336427833
563,26252.8237996558,22826.51177125768,3890.3365363588728,136307.40853255658
564,26265.765041615334,22796.80555007144,3714.561135723161,133911.60404339616
565,26312.54266613993,22735.581490580516,3741.1152494179496,137372.89207166468
566,26364.929782398944,22669.06682728346,3615.6364226302894,137104.11130174014
567,26391.683306773386,22532.774194118472,3750.6463541190433,131852.78274202722
568,26408.03993789292,22757.23944748415,3907.596377246954,134204.02977829444
569,26482.506592367932,22624.619402681477,3845.374094944041,141108.1378418084
570,26489.777371638473,22698.03746091374,3685.0024877630476,146350.74069731648
571,26528.160548098083,22613.0826054929,3620.571379752704,147622.1763015998
572,26661.513394549474,22889.18276607929,3510.7206721343305,149038.5897972855
573,26692.673827759776,22805.11159298272,3627.6288808691374,145364.4146598056
574,26636.700663833642,22691.379594301226,3596.8737503851944,147367.73134399025
575,26611.040978268764,22723.264808827138,3566.9744009709502,147688.67071198483
576,26682.53343398856,22917.996213104823,3664.234025119851,148214.91961447024
577,26714.801542449975,22899.67299951465,3594.5927365058255,148869.12174465274
578,26748.94594494394,22988.73708952005,3688.688889556093,147315.58789984317
579,26804.502696076914,23333.75143510981,3678.1826178681713,148244.68319228882
580,26774.951626566602,23204.709821649398,3820.473721952619,149835.4837044162
581,26890.702896500872,23298.90934670973,3755.070131846097,155142.76690821076
582,26964.785107988082,23503.977048172146,3646.537347336457,155363.3714229549
583,27024.920949593983,23262.028209802673,3791.1168781294245,159546.56575208783
584,27097.855500878373,23452.211804127655,3843.4112291354113,159366.64297182707
585,27145.040215346384,23468.127638575552,3834.7478346106345,156977.3878206604
586,27140.39904376306,23641.05079053097,3867.1951710851,158800.77136244657
587,27112.04876268557,23297.99140631044,3844.3012301328295,157754.33051860772
588,27128.696757753194,23490.44435094249,3899.6538367891303,151992.00767533132
589,27124.024837105364,23198.53230805508,3933.2103285242024,154167.6078277366
590,27228.486939214577,23478.609935185734,3726.7348813334024,155123.14150522603
591,27250.241693834618,23773.290457738145,3586.7928039829244,157680.4576707865
592,27295.040826800214,23695.703589291854,3465.4530116152023,156165.7610837168
593,27372.432008483753,23656.681856061226,3358.8410501141734,157365.04372547433
594,27418.26117754372,23882.353335323136,3418.5439846248955,155692.8572178691
595,27477.33488332572,24057.235104828862,3497.511494313233,160348.39539957448
596,27499.644248054217,23935.598938937783,3503.5211629615355,159775.18568383428
597,27531.62576266683,23848.749407806285,3609.040141574603,160124.69326998215
598,27537.446396928848,24060.335108543295,3616.6189931446215,160588.86070127488
599,27588.229449549173,24158.95968514393,3548.279435502568,169745.52673264526
600,27621.98845907124,24068.852470053833,3484.07431267327,176141.97894922117
601,27685.10066260067,24259.669276706394,3605.6873207118388,173863.58842801594
602,27758.688035884166,24122.516693516067,3674.711810630517,179872.45014528942
603,27789.897118827528,24020.324825068248,3766.21565977153,181710.78927219156
604,27793.355536011924,24113.21431441788,3771.3751816122845,175155.3334587082
605,27851.747903099793,24200.131216282924,3733.2479798159497,172351.7810937135
606,27895.191268457103,24231.36912778554,3716.800723971142,172884.83170052775
607,27924.171320900008,24334.455046503364,3752.3036902832605,177374.78806986474
608,27978.94408426301,24486.427768503312,3739.774321680696,180229.3686061377
609,28087.262574731336,24455.79759097262,3788.759886340117,181153.68633816112
610,28155.441998069728,24376.591744864316,3813.8779757365132,182551.87028518497
611,28155.449297260006,24313.493755826086,3746.922216472321,178796.61019999557
612,28220.464722052435,24320.068479633053,3567.0850265245886,186980.83913233475
613,28298.39085042029,24625.23535804207,3711.655284417108,185800.39790230256
614,28432.167102076794,24501.124115204806,3733.9930251544765,190080.2167371973
615,28473.119269407875,24637.41980279697,3687.8448921355143,191742.68343581105
616,28506.292441405247,25069.17802632528,3615.7752471278304,188382.48217550476
617,28530.849106311318,24912.724199006036,3576.085479834111,189414.50392030718
618,28577.65449972685,24836.815322261293,3580.5420987303264,191938.5074190065
619,28615.94206435013,24921.047242461744,3586.2940241313618,189060.06280958708
620,28654.603208424876,24931.03203073387,3744.70528618763,189366.39547850657
621,28658.73035847608,25239.931818521804,3816.40879832569,190107.3139205351
622,28720.64292219968,25368.62306236274,3694.328443552992,192751.69363218176
623,28744.118426479312,25366.524486760758,3633.9830842085426,193368.66352491383
624,28845.2097568325,25512.05027590953,3689.8642636190502,182630.54547276767
625,28849.840772594187,25091.242593508407,3662.4264587717103,188398.12573143895
626,28867.569629177888,25297.71930192963,3604.4777008717,193247.89122224506
627,28874.714986024825,25353.55797705053,3550.2706499763876,199167.687559913
628,28933.17287035337,25387.984962588867,3395.440341000422,203808.76257354417
629,28979.84694187565,25280.36657486325,3491.0235286353227,203361.80479021568
630,29025.620385366725,25471.116389467265,3703.249356497002,208108.64116796304
631,28992.571957806256,25349.047438279107,3800.0868223586135,211193.27573152943
632,29073.190592900773,25296.85900770047,3872.1009149027086,212350.79548480656
633,29122.60302842555,25101.420031129393,3881.2093412350773,207220.07881210826
634,29228.796316832075,25142.00507582708,4016.9033463433097,205487.45312965653
635,29293.07272302836,25241.835105358172,4107.687619477354,210135.8974814286
636,29341.195304272693,25400.900892996622,4171.739490691305,216390.25676059932
637,29326.188989016267,25283.676595349825,4293.678328027624,218779.05003749667
638,29398.186456811036,25479.955321175574,4356.425795376385,217249.8409868385
639,29351.93551298802,25411.72046221435,4193.171662778629,223825.29115296123
640,29354.765447220292,25337.349878262994,4303.985298285076,213299.70311498633
641,29398.70383427432,25290.365850796494,4411.3229627502415,213610.13371404918
642,29458.511530334017,25393.840467315094,4529.789589373963,224336.39121870743
643,29484.066442493306,25519.569035579116,4632.498227609819,229163.5684647336
644,29519.401678547467,25770.89396657176,4531.129367157824,239638.23972438718
645,29574.97900824956,25753.367846763464,4518.050980095097,234460.9621998174
646,29692.455551592084,26022.523664725653,4505.879417109661,238675.25792895872
647,29749.305919298695,26032.970961964085,4352.6382020123565,250225.5086742674
648,29865.138448762384,25754.483925715347,4436.864948322362,256766.2651735462
649,29902.892716234754,25999.65780710442,4337.530104813183,248920.52603610058
650,29986.982367187255,25874.05182240652,4254.707225700468,261222.36623215277
651,30094.97798274756,26097.086017924277,4484.985745298858,266511.4205567215
652,30128.529936480012,26063.45682198612,4511.196723640119,275381.69838866475
653,30157.309073509037,26124.43242778464,4440.717283772971,281403.79708091455
654,30239.96384520836,26186.139604415173,4459.762853227387,272342.73646910506
655,30354.73929241877,26306.4674732133,4337.97198115086,274422.94500235084
656,30387.14700761928,26429.7284079548,4463.008597510514,267334.430425318
657,30406.01013979442,26030.36757860238,4441.789147541908,269106.15786591754
658,30484.821249030847,25972.047204589446,4219.104033996313,269188.3922905119
659,30583.32935671513,26071.51561724423,4188.586679122905,274388.1031113583
660,30668.490823708016,26435.467584104485,4086.570678365814,289991.0153454344
661,30787.9385313309,26448.277476242558,3978.0854633869008,292948.4183658866
662,30890.61215589944,26276.67406955781,3980.1996961484033,303918.73469101044
663,30902.095934271994,26220.71119264644,3912.841771758308,312525.07300661283
664,30952.3810191504,26333.435743448677,3818.2266543624833,319414.0099701931
665,30988.81237384237,25810.034757731624,3951.573285433439,325773.1894646308
666,31053.197628760638,26045.292413748084,3730.0836957053434,320237.86656535364
667,31057.777176123855,26410.85321137814,3742.166404805858,320683.16175121616
668,31136.28927453687,26516.666191562865,3696.5410318025506,341580.4617303258
669,31206.609319376636,26626.97372902688,3716.536190503918,341203.7322449042
670,31282.935905669365,26372.25770542452,3829.5113273137054,357021.4890025792
671,31322.554453555407,26299.67119937149,3576.487460210709,354809.00402433187
672,31408.28768065008,26485.054026288555,3599.08868286413,368776.9699065416
673,31458.5469648046,26533.82132316816,3574.215676162752,362756.720952056
674,31532.5146602896,26830.493964341786,3631.6382938965958,360600.7179276933
675,31571.37944420629,26702.457845144512,3622.742359432642,350137.18971126835
676,31654.527371555483,26662.608304144123,3533.118220611367,352446.7771721266
677,31713.94923360413,26353.818251391316,3531.2770195641806,354461.7806380842
678,31783.46208883855,26336.828647610044,3380.0432904532863,356619.0931078709
679,31838.87451048535,26297.625187795813,3447.430910110405,362212.73695752094
680,31846.17240001901,26508.930902047316,3323.7930692127725,352468.780078761
681,31917.86279844855,26307.6517436907,3331.1156326066875,359255.963337584
682,31953.17102966681,26476.2906853578,3364.2535648623334,366674.5377594728
683,31991.27850054125,26244.07647766555,3414.7988331935176,359212.5270655014
684,32044.819762879288,26786.12095869787,3318.3706984580963,348015.2252245802
685,32103.911115630635,26731.60268018834,3341.7285281602476,349615.3341763127
686,32130.303469212435,26797.565496841446,3443.9113057034056,367327.3605017254
687,32132.586834551345,26743.589667488497,3277.8667010451763,351813.4975965819
688,32171.980343415627,26693.079213547506,3220.947506610665,356358.3330773593
689,32258.27765989599,26820.245991620926,3280.4261342408226,366584.58030459064
690,32287.133565887187,26944.50526181208,3203.222073036,382210.21887046
691,32340.308145325725,26861.38688113272,3135.8391246187366,396738.7110946879
692,32398.087972344314,26926.58516897321,3005.0085831540378,400030.73163356824
693,32469.191476706437,27260.35597338444,3087.8266155873457,390083.8509792096
694,32502.357138563657,27082.76441703713,3070.9015102069725,390749.4617024034
695,32535.58194777212,27025.771565400293,3141.0742695970043,408931.52197275846
696,32592.82250211795,27210.09942515627,3259.7224268526234,401293.1003955888
697,32756.92216268487,27343.593987842123,3286.3806527565825,404948.2381020627
698,32766.226996885223,27465.053245785988,3130.197167327288,394684.99346932286
699,32783.19089391769,27453.918600975652,3248.894170113143,380717.12359736563
700,32914.52491144585,27309.23194790914,3324.6811624662055,392629.35971037805
701,32952.22436943422,27493.752831879905,3291.239954785458,393205.4520314646
702,33025.64663272106,27412.018024794128,3277.3370209844134,389725.73245007667
703,33145.266166413065,27916.839325712772,3266.299807638631,389313.4482230424
704,33220.932746981794,27866.488441295147,3312.9221479279227,387693.2722768444
705,33255.953755105445,27653.751354872405,3351.435749415503,366890.7639305239
706,33277.89146599494,27584.549914548563,3268.50737335818,363309.7466300378
707,33290.65599947245,27680.486232051942,3319.207759264703,374144.12438651494
708,33302.599447114735,27912.41017885286,3383.1618394800794,373029.1647800071
709,33344.245763150066,28056.731477386744,3477.051975712075,383236.99648076115
710,33398.29861891054,27994.03794329488,3601.015281567288,394575.0928065794
711,33488.942820307966,27763.93518366597,3525.235279276586,407365.97190113075
712,33500.078104983404,27594.3475817676,3611.7414178400736,395316.9427302897
713,33548.92600108914,27824.36036129652,3578.0403384342135,382354.43082212633
714,33548.075378038484,27787.972858129953,3506.549967901685,373848.0938561853
715,33627.81149255477,27718.771446841925,3473.093994987066,368314.9900333869
716,33666.896260025664,27960.985094471303,3510.0520109466374,355885.88788395387
717,33739.9661545636,28107.080723325915,3633.4710905417533,347321.32711707643
718,33733.91059502785,28212.87393522853,3577.496991685772,342144.5533165494
719,33774.22406047582,28117.960452892698,3496.232555868289,337875.9250757796
720,33817.74001624029,27812.597774648093,3320.6433450091395,345161.67188998574
721,33819.44164356832,27870.36941904207,3336.874488720477,337744.28769347095
722,33881.58194545473,27724.112118072215,3446.569283348139,340480.2804473943
723,33884.5151692603,27906.68245912701,3408.8437071754092,339566.3587128539
724,33941.43601388099,27953.091243836498,3412.657435396255,350289.6257453975
725,33982.818551040895,27978.64851153846,3470.0336047322817,349682.574596631
726,33999.185128365956,28025.031766257012,3526.240481341527,341838.4561471686
727,34029.368547409176,28143.001773087784,3472.4474817411265,327043.16844796017
728,34159.097684743916,28161.898136782816,3490.4925374215363,337063.6487488144
729,34160.10077899652,27894.67288182146,3401.8837038512556,342345.5598456222
730,34230.41631115441,27967.945807611984,3508.371389008176,346836.41070120374
731,34236.64027166067,27849.852514913015,3428.3218537236758,347847.34108850005
732,34293.8072485197,28002.22553955308,3609.500685590654,352509.17693436664
733,34309.914810240116,28067.911859668664,3629.380237088333,362336.18243782106
734,34274.24895715339,28016.175849335268,3693.606080404135,348604.58061588014
735,34432.96637011707,27950.548245823593,3563.155722902032,357260.1564718638
736,34517.72574944894,28043.654709846778,3612.0433326786906,366867.0310422258
737,34552.53964160965,28086.482092663427,3464.799643650277,384101.2009828847
738,34681.87489386059,28235.682045001136,3418.830565787838,364507.5319165023
739,34700.91169425997,27966.272073725333,3374.739177296601,381401.1305951457
740,34834.07449653169,28327.581618764856,3315.8462734816417,379523.3474304684
741,34846.62068966015,28170.390985664664,3174.491035681483,382119.65012469137
742,34892.60937769643,28075.96811385925,3302.771803538867,383111.7561496794
743,34921.69637180705,27946.08790466891,3355.0663144449445,374958.14220358804
744,34977.19311598913,28002.9832638351,3435.2155812405394,378114.62039558333
745,35007.01335875265,27879.93555072686,3565.2703925009855,387702.1465522368
746,34987.07256384495,27844.20527305383,3415.4637980823168,390513.65801429603
747,35124.49534091842,28313.005808584483,3474.7398433984276,395063.29019348597
748,35185.548470447786,28484.537073232077,3508.2612436976506,392561.136224868
749,35278.41432337742,28466.51476602484,3599.4426814561166,385805.8586572546
750,35370.79368296013,28359.01798168945,3448.344534145878,378245.2238704164
751,35474.771809797436,28131.44122493801,3362.8837045632117,389608.8966153921
752,35498.072265101764,28498.96728601655,3333.2361611607125,386087.642571942
753,35542.511663085505,28633.73185277771,3237.6562472501055,396179.673879709
754,35645.32806349499,28610.621269997624,3244.1381135857946,415162.5740059213
755,35644.2087157887,28531.745012457286,3378.00355190551,415329.5382845629
756,35710.89123987094,28398.59414836352,3449.3489611579575,410271.67717637203
757,35822.92451326904,28731.053720318592,3590.868208555024,425958.2981108855
758,35982.945011310585,28664.784916649147,3547.0953934034733,440648.6713031963
759,36037.42655926164,28492.202073882203,3656.5915279952983,427303.7462580257
760,36131.18699183044,28471.221233729328,3743.511684109864,422146.0846436074
761,36122.68202056267,28835.779411074043,3585.4129967872673,421157.0576597127
762,36177.246991572145,28862.573651275296,3518.443714958927,407411.9782510835
763,36175.27915001265,28948.81742650268,3524.780224357965,434412.58021955425
764,36255.83900516856,28751.017527658583,3448.625016452973,436845.0655656047
765,36371.36591322251,29110.310088934722,3353.535527614743,442702.0266337986
766,36449.05727438711,29203.525251321513,3286.0207967228607,442754.08263228036
767,36417.021536273634,29390.471990198002,3211.8375418866494,421683.35980393016
768,36430.00261392641,29476.39000130899,3331.669990903915,411846.0025485862
769,36472.21115298374,29174.048731979692,3324.3841672170006,409953.15120417805
770,36587.99904021765,29228.739164151088,3184.7347425406338,408547.5403966526
771,36642.838515845935,29215.771102084374,3141.627929459414,411133.8985047204
772,36700.240356293674,29088.82404593548,3170.1844629379634,419059.62516089546
773,36755.911432837056,29865.159938889086,3209.285825653174,417487.9817611643
774,36815.14266078095,29805.49826836162,3254.9510841225883,428873.59055583866
775,36915.76020471819,30147.943999193125,3182.3999450066385,420318.818495613
776,36989.58123149826,30076.840839231354,3266.8053250507432,411512.9278024369
777,37146.38065751437,30399.1131220178,3285.255026790867,408405.77498174214
778,37218.34604666465,30279.60984973474,3249.939510035829,426033.9885582892
779,37235.406415860896,30216.20269505866,3035.845361313165,432416.7072963258
780,37261.323596335635,30139.823835049767,2946.67802510138,424185.43782181793
781,37263.02533034359,30191.7391503492,2854.513539717246,403047.15614046215
782,37382.54909867395,29969.427855225415,2835.8905179255366,403408.671525914
783,37507.38421337289,30162.99701335279,2923.3802561362395,414799.42233143613
784,37575.424427673606,30399.628459295283,2909.3839132153653,421373.96743965376
785,37764.52336622787,30532.48342143563,2963.215947746125,432695.968884721
786,37894.85017482941,30570.60559854575,2883.7903507474057,437455.0526348518
787,37963.71577004122,30570.53179774737,2933.776293923062,436246.64736432285
788,38018.98145096914,30569.97413668008,2852.875713943207,441793.83812266524
789,38025.27509099169,30629.853351178448,2865.9544859748444,431838.3058925626
790,38079.76831484157,30681.164323355068,2768.8612383252753,439891.1623145399
791,38178.30027121673,30706.575500152747,2701.345217771334,422986.36832304514
792,38238.87498313574,30698.76071551719,2769.2985438650408,417911.98966787633
793,38303.82538016886,30991.69516072279,2769.235145285273,421097.2975805051
794,38274.11176561599,30828.547399193118,2877.097166696592,415983.15842151124
795,38376.06857503393,30714.753333639892,2832.4567084661708,444869.0496337056
796,38369.57965569001,30610.511470175446,2855.4583081470973,440760.9123246253
797,38443.416583383245,30590.959643853013,2940.384341066662,418637.55784023274
798,38581.778848166236,30699.60012612536,3024.5058255437452,419203.7303654267
799,38624.76803738123,30889.712761336657,3056.1742022687836,433158.62336328643
800,38633.42453707316,31042.51644763882,3046.434635174718,440241.31041670905
801,38632.04808972863,31108.69013961972,2908.3340648292206,450355.3772217851
802,38707.13818493725,31166.238691779774,2806.466892839995,437275.5948473348
803,38771.490544360866,31101.499630054477,2878.3948810184975,436513.33918078797
804,38745.51337771962,30950.948718886706,2847.7454231722018,407930.85357990034
805,38820.90777395072,31126.915954231346,2819.689082523261,412925.25561890786
806,39018.78463795314,31283.289918413404,2819.099462682,419456.0211118164
807,39001.64494340725,31237.926482104755,2927.390802267919,414393.650626601
808,39044.43240656079,31213.391358579265,2935.6709900687706,416332.4251017932
809,39083.693508829536,31795.280951290668,2909.607936744536,403274.34322645643
810,39167.20101715761,32147.992309070945,2846.0292359111268,408414.5193284709
811,39272.14978722654,31694.968688201585,2823.1614394606477,400532.5673822804
812,39266.27345271951,31696.247227566593,2928.346512164443,404625.11903884646
813,39373.6774638764,32049.603388766718,2901.558536719411,409701.85075742874
814,39425.308393451756,31910.25158003431,3056.461637151739,400279.6198869692
815,39565.409191702034,31971.144493004023,2893.4833740381155,398831.69145550346
816,39509.16299646009,32183.556329202955,2942.758492211079,398192.2102882827
817,39656.94134178936,32237.98876567389,3080.1966741486003,403692.40583756403
818,39890.72581803382,32165.231688616735,3196.584676954748,414675.185833905
819,39940.811312269354,32377.12383710222,3185.1321101748313,423455.48859943124
820,40006.94076498485,32398.78165788923,3116.994329237602,420191.8970183072
821,40041.026734125044,32590.004330507298,3262.4239179684555,410084.382925802
822,40078.08670016658,32550.143160115353,3300.894826732653,391824.17631762015
823,40129.581908280605,32850.420198482876,3277.014375250055,396167.5342519381
824,40188.33972330446,32968.617054950766,3265.196482654795,402704.9147669629
825,40261.368994650526,32892.69403197886,3264.7361952573674,395789.79857780255
826,40356.40614114107,32944.3213388976,3260.6229542725114,390591.49946823553
827,40482.54193966564,33334.60234985502,3393.33284187969,395491.1164541073
828,40480.21212270865,32977.99913975574,3534.4117267966735,400961.20010340784
829,40486.33628705959,32675.74328223283,3597.1811695661368,409639.7188492621
830,40565.412536954274,32835.09092463555,3551.9628474518695,437438.4543661722
831,40676.57379266388,32980.39382094979,3484.342812868555,448745.2745187024
832,40769.98443457097,33276.64747949664,3463.1500396908355,445579.38306829415
833,40929.040040612126,33708.74573616792,3409.436192027878,447424.73977813654
834,41000.65072986083,33598.394335887024,3368.016675888018,451421.92650704255
835,41036.174986177524,33622.238677661815,3451.019441205395,453322.8771641996
836,41159.75088502327,33757.57318605198,3431.2758718661385,474818.29600157036
837,41115.4318818372,33737.32554558018,3638.1862578588252,458546.43611276563
838,41217.66571809219,33618.64976280215,3642.6278746829753,453120.2040281913
839,41181.85601512004,33387.20297899026,3694.0300757698287,441406.9488070219
840,41237.28544910752,33510.29865558476,3715.767893730316,448665.82735451736
841,41303.93484076217,33856.736081271476,3849.7931102593657,436460.5503307589
842,41498.13302442245,33670.539641434036,4116.4336809648385,436179.7859725893
843,41543.86535711996,33882.474187557935,4115.563644822931,447198.08980874653
844,41507.53196458166,33700.19566749718,3998.356687018933,438398.97308595665
845,41630.99193753362,34009.87762640442,3975.848013682854,450438.7973192729
846,41678.13481658888,33835.64121460613,3965.6038203463904,460295.0586037383
847,41699.80312774626,33899.64574905891,3875.98476184619,442334.5086201131
848,41788.31254054786,33761.83666895301,3791.4293077133398,453344.35418495967
849,41900.08994166736,33801.03159164703,3942.3651682521686,466913.7875915128
850,41861.12512500494,33920.09935808554,3970.9474111120726,468342.81170037336
851,41881.1545021673,33789.647392235805,3989.5744745801,468998.6468483889
852,41931.51723508769,33840.31927426621,3960.228660764601,466843.18722561654
853,41908.111049368694,33607.3965868297,4074.200455869676,463613.6008126199
854,42005.30208630466,33575.21678260709,4091.5182251963315,470123.2704277993
855,42088.907166606055,34045.048528080966,3984.0312938925385,459686.6201928812
856,42058.8458132786,34100.97437157386,3894.2154139760173,455004.64945596893
857,42201.202590102104,34417.25722312004,3864.9602521694896,449142.6171204536
858,42330.81497333097,34502.179474694494,3902.450474823107,435713.1900185865
859,42466.342169399206,33987.98328370345,3950.342564759566,439272.9761742607
860,42554.308693376566,34852.038134648574,3997.2986743106226,431441.7281638746
861,42613.36847877292,34489.78938235544,3912.780735118009,443316.6434975671
862,42657.27598601289,34485.18747260757,3910.5483788018096,449429.42555249867
863,42741.9304967596,34246.26138364154,3919.8165627606713,461800.5149578105
864,42850.56021876135,34132.72663734889,4026.1456537203144,480429.0341331911
865,42686.57917312371,34164.67693947354,3993.9848851667357,476084.92264442565
866,42844.83828451112,34543.726000521725,3939.258569822678,473035.23319421
867,42785.6988732503,34221.51246168192,3809.4903026220563,469681.16541041655
868,42902.16153246307,34429.26603564783,3872.6399119568478,484867.71956528403
869,42924.601252109096,34411.47245998727,3878.064358899028,479769.566327756
870,42994.080145259,34353.44684982528,3920.6632176192124,472961.8848338931
871,43143.13375845549,34961.772150256314,3959.6485302365113,478198.6016594977
872,43227.22144757701,34876.10235490871,3766.8256383564653,487744.43636107224
873,43293.262150772425,34588.261016453434,3805.5789516685186,503879.14172900224
874,43422.8417410735,34728.91654827199,3767.941787674039,524451.1277867332
875,43338.161896782585,34646.06066458591,3930.893703040281,511594.71028108156
876,43502.64581319717,34602.40261905324,3911.645275580536,506859.14486838016
877,43598.45327843871,34707.68523482217,3863.3795583451547,504742.2238464194
878,43626.592100692564,34435.61071692293,3807.540218157258,505145.4904065457
879,43710.918502653556,34723.749602879056,3903.527653581264,514971.20071123744
880,43731.39711468722,34503.568100945704,4021.329140477963,505028.70893862844
881,43820.22435491854,34860.78240606586,3954.592493621733,490712.3778705793
882,43885.050187169865,35242.42942314619,3908.456815546723,504554.31633003167
883,44015.60860844105,34808.78985819952,4002.2169857580784,516878.34154034377
884,44050.1132081572,34742.519592967896,4066.531712311544,525458.2464804404
885,44084.22926949346,34799.71143887878,3961.8902570397113,525453.4849507109
886,44160.30847713059,34740.89551462911,3810.00822643907,510960.98194522166
887,44253.89449349227,35076.8245275297,3811.5750955694184,499604.3449423003
888,44304.827767070485,35128.60331920369,3861.493697731843,515682.2791935325
889,44360.5543032371,35013.899341308614,3923.7903448755546,509981.666183792
890,44409.585291885254,35089.55555112748,4038.044603445347,484385.0373913193
891,44388.0639810236,35339.47699704096,4179.299016791637,465548.01368892455
892,44431.65288187759,35095.668176469044,4120.536563903771,461901.6855142635
893,44648.58397881998,35670.21378970947,4178.579591982091,463922.9665221968
894,44824.42218112326,35311.95855573234,4174.788863828853,464634.4142015246
895,44944.89433347029,35534.31380659861,4434.156416341129,482391.475028623
896,44996.74084840354,35593.84199696131,4463.37757133154,474762.0177105846
897,45001.73648679766,35485.07256256446,4624.178493344735,468152.98485045
898,45027.316517818246,35504.25789189423,4504.990932507731,475636.82309605996
899,45178.58022029781,35524.4495889832,4603.670652694027,474063.94931959204
900,45384.73591258083,35510.08661794252,4635.8761001294915,474021.3694129244
901,45546.4587056844,35811.86211662316,4604.29390279543,482655.20488148497
902,45672.947895753496,36062.3823308184,4723.05829389145,497057.5496551486
903,45718.069759611826,36482.436573140585,4804.299425233445,497488.21935928334
904,45920.29060134024,36199.17688410935,4693.069551717018,503697.4671059902
905,45934.2402212566,36299.0623715994,4784.7330680196565,514175.150284373
906,45913.620036153305,36269.83817783073,4766.097423928101,518830.77682121453
907,46061.283516648175,36457.88321595528,4843.425841603613,507024.6274607818
908,46128.783669906516,36017.183298072756,4932.535092003878,535849.4771558016
909,46287.003362841984,36199.55160845366,5023.311001850501,526178.7713640941
910,46289.707712720134,36028.255403315976,5065.807376682316,522270.66004625504
911,46336.10990346208,36202.640626439905,4836.308047009408,527940.700212985
912,46515.62916422911,36199.43733158194,4768.941678775565,545447.9176141486
913,46689.67521181109,36591.327810971954,4841.49696410967,541075.4632795178
914,46683.589414472815,36380.3523160994,4882.712893086719,542266.9374608421
915,46646.057546264135,36223.00644460483,4540.9874264373975,536240.4286150271
916,46558.254763027966,36048.344069350744,4535.272828661029,544239.044531714
917,46656.49699324407,36429.220709814086,4735.568430896054,552170.9223344062
918,46737.339037219135,36308.41309814976,4745.111831046987,547323.1036575984
919,46821.327776643135,36236.77611731883,4763.972843651907,550634.9662645173
920,46990.46865940182,36772.85748359185,4828.444449940616,577612.4229335756
921,47090.24086246411,37025.49764910729,4717.328128695877,577884.934247231
922,47261.03250874427,37107.86305160525,4962.040646566108,607057.0669776874
923,47177.81485409295,37387.330283113435,4932.850248963678,570878.0229159178
924,47245.72204810175,36803.555935635144,4821.883265140082,590638.2706328009
925,47413.84540057702,36758.29518534986,4924.094947067452,586574.1506556021
926,47330.97080589453,37043.532908679896,4872.706432238938,588034.7479783285
927,47413.32868022903,36969.156017414585,4866.002536287397,581485.3562268115
928,47486.20718038423,37100.82191829149,4885.086919308409,563045.7021867041
929,47530.396140154,37252.88799054695,4911.671390717453,569122.3363824214
930,47570.824413780225,37088.14611246256,5061.042528990703,563886.0323708899
931,47658.380041169716,37249.54982103274,4951.300461388913,564066.9530756479
932,47735.90611901832,37710.84524475188,4657.757612583186,589707.9921108007
933,47855.871493384206,38160.16524190941,4723.405786319591,599760.9698037029
934,47912.04212063266,38317.462385007304,4603.515174766713,584200.8805679779
935,47911.87005590373,38190.523507777,4518.591014291754,576325.7830902538
936,48096.25423581413,38244.00624553995,4598.81028124111,581053.3249423342
937,48151.432270334735,37928.97785850146,4553.314281026653,567483.7789218206
938,48160.37927631601,37476.026542405234,4531.724278098265,591401.7542889897
939,48149.42614985857,37013.89539081086,4609.533521785033,599109.6477589987
940,48338.00002577062,37477.17578596417,4300.463546079226,610558.7338011281
941,48361.83798141894,37212.23607604942,4442.336653216121,597668.9050313294
942,48415.30469779587,37713.260979562125,4504.014234173287,573412.0404362462
943,48487.82292355458,37586.59554940962,4427.032560244432,586702.3663612255
944,48519.386507727635,37610.21127946728,4459.152494918022,603718.5964498793
945,48728.2357847112,37396.53520316314,4696.2435993920035,628641.2099139082
946,48815.4914659003,36981.69425651194,4619.784806765431,609043.518190599
947,48978.46794061804,37802.79360820686,4746.5186002456785,604261.8459916578
948,48989.31315222931,37398.428246908254,4814.0957611470385,592854.855782027
949,49084.62443915515,37556.54871320803,4891.326896864887,570158.8826945492
950,49136.04272881203,37971.03494668938,4922.441200358061,566036.5516598659
951,49178.91929563287,38527.20549730608,4844.302209796676,529059.0137873424
952,49213.28032845555,38315.78391738331,4956.719422877395,514650.400503233
953,49258.27526353706,38096.91409260034,4948.845723759126,502503.86042732926
954,49317.74743031557,37863.70275288855,5048.007836761631,509260.37797695736
955,49247.71617559805,37736.470267694465,4908.7021530543625,518281.6372812579
956,49316.36802357826,38272.752131569294,4978.559732562284,524464.8412412384
957,49459.195900204424,38421.1378731685,5079.3991860639935,560624.9214685594
958,49633.3188946515,38468.39227467921,5133.358812045354,579961.8873910127
959,49730.05967209664,38807.770587716805,5218.552210165196,587498.8087191774
960,49710.72536536603,38597.811680265644,5144.9139536009125,573473.7503099203
961,49749.42127607053,38293.70873274801,5269.4456441999955,584175.8068976884
962,49951.28794531027,38762.371119784686,5234.990374008002,599855.782064803
963,49862.20431327007,38583.76700556992,5290.431943669703,595739.4968460381
964,49880.5516222608,38609.33617436917,5027.6633314169585,593940.0692619485
965,49934.51098776576,38887.2276850488,4909.3561278230345,590187.2547099226
966,50042.480872961794,38683.245337751876,5033.59980302333,591422.6312431247
967,50195.14546224023,38779.14165325763,4965.163360132879,612682.3361792103
968,50349.569433982186,38572.43208597939,4842.435663493162,628109.0455789905
969,50403.09382612469,38885.682328618845,5023.659482368864,612948.5074926909
970,50447.47741316121,39003.86801091689,5045.917114151383,582617.4290809006
971,50570.94959354638,39086.76027879304,5245.089443828348,561803.6796772971
972,50672.54231119682,39537.77552891206,5248.542223212761,548757.7939595747
973,50702.43912460814,39456.93879354076,5291.747495028038,570884.7407148555
974,50788.99039608887,39471.37917332744,5322.843212783221,562668.422917045
975,50751.33179298698,39657.70822141514,5314.799820963687,569681.0666072764
976,50893.19484571194,39649.96541209668,5430.234345718027,578752.0170793675
977,50883.18291222541,39584.33700294518,5361.739164129291,583622.5332308173
978,51038.364174921604,39616.66774369272,5380.9086135084,585846.2727614586
979,51213.63683496982,39731.457179936246,5043.550813158488,575607.8049960897
980,51415.1686678031,40033.55974073942,5097.360415765826,580746.8627335533
981,51636.2403147253,39788.09829041012,5223.856467423805,585913.0082515965
982,51809.058469474374,40136.51617686779,5310.363051419097,590840.0333930678
983,51802.58964971457,40124.25892842742,5292.243073680375,599441.6740651649
984,51946.00182007487,39581.04553620027,5409.612032263342,598552.1209495399
985,52058.61193842989,39426.98851027289,5384.880191511425,621646.906582807
986,52166.57403599719,39698.219270001726,5356.008918446029,632833.8608895738
987,52222.38332518282,39664.14601335374,5491.846776161917,627552.7238130837
988,52265.29986558138,39159.78699938695,5613.574395441285,629438.8233361399
989,52334.52548743751,39392.5636946328,5572.3748700488395,621157.9500227909
990,52367.90102133595,39450.32773124041,5608.689275777462,621875.0409504381
991,52424.77425159914,39580.73241895803,5756.963901582881,614283.6123074666
992,52419.731392711525,39096.748961436475,5703.53203577172,628787.6164106374
993,52561.23119287244,39284.584902458686,5758.582506700234,611931.5328284547
994,52546.46499152385,39663.31046729103,5616.688465653056,611775.0955693249
995,52693.75413451571,39448.18690897294,5767.065746887571,628159.2357905966
996,52833.469859675766,39901.698183184846,5784.0111655254705,637212.9016170071
997,52978.44016840803,40432.99394561723,5787.470561423621,656525.7721682462
998,53039.69409467936,40111.6471031129,5903.451533336009,651810.8907979245
999,53130.82849094735,40126.28948361835,5786.20248412828,622538.1608161138
1000,53141.70700559259,39855.557518629765,5783.515086451858,646715.0977432278
1001,53346.95693085137,40191.27804835772,5701.075746910351,666925.3808110162
1002,53369.30430892101,40591.979051808805,5897.413675727183,665079.1032727361
1003,53468.57080924082,40439.28219414056,5969.173000492248,650912.0187141101
1004,53484.07976298827,40624.64042149395,5913.434158570546,637997.4928705024
1005,53560.877530525846,40881.77804226989,6025.03136800454,616079.5081927628
1006,53661.30278469141,40540.15110989553,5978.872526626772,589926.9584584866
1007,53777.216156822,41004.17426705326,5774.720819543671,616369.2032510022
1008,53825.09330293149,40769.83845698406,5799.703257753947,617664.0583372964
1009,53905.61750623491,40314.90716407641,5732.5553198816415,616388.2905962865
1010,53964.52390681056,40246.52371093226,5788.653404056388,602964.8135977614
1011,54063.11017083814,40121.74696059346,5727.663447239931,599967.9497289942
1012,54234.653513756,39897.07074002194,5424.0535675611045,586774.1878149656
1013,54424.15193656651,40252.631095916186,5239.227934592806,590687.3945791103
1014,54424.0130140228,40309.981708041654,5251.0985628676435,583459.636610419
1015,54539.12137050669,39807.1633391561,5201.34065652265,568019.0095788481
1016,54580.67066455828,40369.22889749257,5485.051876669268,565988.5222184625
1017,54761.67865807581,40401.86638571189,5690.526419923474,582388.0559433239
1018,54829.830522852615,40493.6757037407,5535.5053618922575,565327.0357361498
1019,54889.19714001212,40594.8515320535,5913.31199795631,587486.2067422448
1020,54959.515954720126,40364.378129179815,5874.223729962352,584559.7453398213
1021,54973.78827125965,40796.677429587224,5864.677536597288,583515.672591652
1022,54933.295597575205,41293.83711916659,5797.4846818240085,593578.718628034
1023,55044.67344218532,41546.470201092445,5883.796358294934,599944.9806286722
1024,55072.61696702325,41630.13782866669,5848.520268751101,602806.2552557366
1025,55240.66641760879,42114.94879657147,5880.742343099977,628014.3666621735
1026,55350.512187432105,42522.42905789777,5889.161072147367,648989.7110402682
1027,55464.12934170734,42337.51137578039,5659.446189816099,683448.6029927647
1028,55655.576770108244,42588.19978388403,5728.4688120105175,676847.9625409326
1029,55563.083302987136,42211.98452550942,5735.985747135339,693166.7358383279
1030,55669.64781008714,42181.110863469716,5684.163696777289,697976.4609755088
1031,55894.358003560774,42051.605620107286,5722.631584151984,707206.9385596398
1032,56093.228473211864,42421.16585978303,5639.941513434298,712402.104166381
1033,56174.171529198924,42393.93611848456,5706.542452605793,720531.5385452359
1034,56121.130214718774,43059.76870146138,5653.429188650938,735063.3855403045
1035,56239.201164768754,43219.277437393124,5795.76804502712,717416.0707504282
1036,56245.839674204224,43345.75225701236,5780.2091568072465,708018.094351399
1037,56342.875354633565,43354.434871441146,5835.496639659118,697931.472092103
1038,56479.421502190686,43200.80662285102,5897.1126415935105,693095.3499612657
1039,56694.48072589904,43453.13851803496,5922.194916333517,726530.115341089
1040,56871.3666092898,43651.53737948257,5930.445352048297,740890.9016129817
1041,57045.704227750546,43297.62954000856,5887.6337511246165,770253.6721970212
1042,57123.819366997435,43840.62866541706,5953.401830757545,783438.2282173492
1043,57136.5112302075,43424.02983246776,5975.5970367067575,801881.4575328205
1044,57232.11318574866,43868.33360725051,5936.43141823152,798858.3655653137
1045,57327.71809991782,44118.06939883174,5878.539289221552,807097.2853489377
1046,57560.841392719376,43688.910721890614,5932.939385606874,802910.5463652737
1047,57737.86420604793,44486.17790127974,6042.454460811827,808086.2924858566
1048,57880.70487533203,43951.98835849831,6295.069628522225,800339.2294623727
1049,58013.75344253612,44523.4239015344,6206.622274130924,788224.03996726
1050,58060.27562589005,44896.02372246184,6127.875155998933,789860.224457485
1051,58141.46018218981,44807.89194072633,6236.26406291995,768992.6429719481
1052,58193.93781973546,45008.07118279336,6167.597115706978,762996.0257912077
1053,58243.02247191481,45420.596467766074,6032.832884575868,796629.4315459584
1054,58260.47791550088,44835.58393067222,6112.938103563792,789860.2231095365
1055,58351.50373782359,45478.088969503646,6165.91167493559,792838.0812660578
1056,58436.5544446021,44665.000491444625,5929.507539865497,768703.8930277723
1057,58530.115166462216,45017.751531220565,6143.769886695388,761849.0055654768
1058,58771.2522655756,44616.88114659077,6224.247503660905,776410.7280014858
1059,58944.46516071378,44879.44454694892,6339.245689601078,774959.4155999076
1060,58942.554663691066,45329.2629247574,6043.889904946352,762470.3097296571
1061,58908.450110080885,44668.62290074726,5828.919936318022,750177.747522646
1062,58974.0021635491,45169.058595147486,5681.129473010814,753244.1221541261
1063,58986.66320310396,45227.24601381956,5799.825678924889,723136.1731591333
1064,59160.905997733,45241.30086697907,5657.062333402459,720250.545224011
1065,59162.03603766667,45022.383041250374,5787.485455460508,713032.150170426
1066,59273.579007916705,44594.72629792309,5711.940289342623,720001.63234681
1067,59496.94976558618,44475.6232361395,5855.6858082228455,739500.0912578021
1068,59667.125859563246,44184.663847019794,5901.416408506789,752732.6372256349
1069,59777.14284449818,44477.121438172435,6130.921176623817,761585.9406100357
1070,59972.753779272476,44804.65894975284,6365.335830931363,770088.064887307
1071,59959.421073981655,44529.557103894746,6451.666344083546,747139.1742502606
1072,60161.44898558573,44126.675936496526,6791.6435932948125,757130.8878015911
1073,60209.11486596401,44573.22624936597,6920.864307903303,768398.0669067267
1074,60149.41939748479,44880.894035048,6911.59688629539,707883.9247937867
1075,60229.44714173147,44612.72900318754,7002.994502744127,722057.4390298586
1076,60598.95066953864,44814.74740098593,6964.896584826186,752447.616370022
1077,60729.38749483569,45057.9992294659,6869.835056519223,741051.3304252407
1078,60846.43840808546,45053.21849598533,6714.696547057959,765277.9359803635
1079,60821.7366390112,45286.14338414964,6767.371051498636,759960.1371292194
1080,60962.57984874048,44970.7655544309,6487.403006146718,740277.0081967612
1081,60986.89603831751,45520.54195410457,6615.13120802253,738845.2146354993
1082,61073.33200259346,45620.7109210602,6265.997105673219,725018.9421318833
1083,61138.1412442929,45541.712048376416,6107.836616381664,706224.3991050537
1084,61176.03165636598,45460.989259832735,6122.206170327289,701415.2350653048
1085,61297.46072232084,45422.31482140538,6023.82714491367,708605.3129168772
1086,61385.68467612425,45456.248629384114,6051.142024479828,706031.7772981469
1087,61480.81499339355,45851.18968365704,5982.75176672981,699294.5340334794
1088,61691.17750970534,46013.8494423022,6093.081093490452,727628.0633303826
1089,61777.64666048082,46579.04637832881,6118.921078516385,708768.116909787
1090,61937.81148409628,46846.10429332964,6308.037320455548,708126.3854866808
1091,61995.531361131354,46835.30426559227,6185.381142617757,691320.5791942647
1092,61957.945818063075,46582.3193136592,6044.945085915462,685951.1062606266
1093,62065.88784070476,47151.93743792537,6031.778011676716,678623.5222952041
1094,62176.56795696774,47048.864661082596,6144.43443867438,654401.4390718155
1095,62241.43773019011,47004.58230286454,6049.034423360019,659334.6604748942
1096,62274.95488152997,47823.07989001068,6277.78551048208,650373.2220768923
1097,62477.2894170945,46936.35010884146,6296.780308492129,647178.4921517196
1098,62609.19162705882,47189.631948222,6423.7316477544555,636453.9758595723
1099,62585.43317291422,47391.88339062291,6255.636782801114,616129.312451134
1100,62761.644576628125,47277.83661241356,6427.357051030268,613405.497784303
1101,62804.646675423624,47399.38653135258,6452.053610630969,600750.979671252
1102,62718.115818236016,48084.17783713722,6483.020289041543,608178.4753979767
1103,63001.06686206652,48488.654031929655,6563.40645022293,630411.863455877
1104,63144.44887250557,48148.75827684953,6141.259381824092,643916.3949180852
1105,63327.121873943805,48472.009047355044,6273.130406744707,652266.0989623809
1106,63544.11234997064,48163.48592265641,6263.581796905576,674067.3728287305
1107,63439.234598751245,47799.6763654226,6280.496772157983,666371.2459779745
1108,63643.64891943587,47821.3600535533,6161.341037117485,671270.6092998675
1109,63760.286785255754,47474.05919352103,6226.28742078007,678794.070190855
1110,63795.61688897126,48192.24304454318,6440.14108050584,680232.7522881919
1111,63961.8256882425,48617.89197199874,6455.239083994583,683720.6429551743
1112,64011.44583730529,48687.56375736783,6253.386556176132,700063.2295062986
1113,64099.11638265708,48744.33824971856,6296.190416116637,654957.051049048
1114,64240.037744169604,48535.25381013729,6125.942761726284,645412.5570342116
1115,64481.583464250354,48915.64217635444,6191.9687298607205,655221.1827963478
1116,64677.91423784438,48537.89959403514,6304.597347271803,654614.1898372677
1117,64914.76417964501,48972.162530014124,6183.235304350692,654284.8744572974
1118,65008.406124586145,48818.361217882484,6212.118707011486,659451.0672219718
1119,64864.40880768377,48900.53351935669,6227.448249025583,627361.5020281962
1120,64949.9009106437,49443.037999019965,6512.777412383489,634756.9097934363
1121,65003.40313617138,49204.437765500355,6669.757210100265,643232.5569367979
1122,65019.39994031307,49050.22429908117,6715.168105867047,654491.3597770476
1123,65423.041141349444,49302.75156426337,6648.336440062678,669864.7761182323
1124,65376.78373142078,48628.644325334164,6655.889463833289,657860.0500680464
1125,65638.80527065514,48688.78119906622,6732.10413812557,681962.5485847068
1126,65665.9834395351,48588.43881239734,6704.7478239610355,686673.8638990917
1127,65662.95857026185,48549.41578194502,6764.583701264307,704465.5575752598
1128,65886.99029079507,49054.9526772042,6677.877024301134,712589.9040368593
1129,65949.712761182,48594.43711606712,6788.808762731278,685679.8636277854
1130,66197.1150935378,48593.22335560535,6374.106104443713,686690.2220919706
1131,66364.05476773634,49014.75276751568,6429.864384513976,687577.766748377
1132,66415.70967588121,48561.762720717925,6401.307162481698,690369.2752480456
1133,66551.34254163616,48026.71425365574,6381.82781885747,695746.5997838039
1134,66425.3392959782,48638.06817732419,6251.719749100476,718966.9013701014
1135,66582.16056889303,48153.99653807237,6184.398866123445,725706.2467232653
1136,66752.94784738838,47267.21999851385,6089.60758404481,697376.6643069824
1137,67037.95627016392,47920.83587403477,6191.518504356427,690038.0210765367
1138,67132.39577146406,48283.15585748369,6168.581558433807,681919.4008884454
1139,67148.3935271642,48929.87581856957,6169.627726791318,646028.71699478
1140,67300.68083728026,49401.95892485615,6185.165302199307,640653.078655064
1141,67364.60514276612,49624.78869525439,6302.403218102505,648001.047249412
1142,67461.7837725048,48609.83023514512,6255.221334252647,650756.8394860823
1143,67465.42330672036,48968.57231748486,6385.076672556203,631460.416000596
1144,67620.31060143531,49413.63138289933,6256.548172147487,611641.5054361417
1145,67826.02860964545,49580.20407601279,6418.740098335771,606717.1742905227
1146,67954.50926199216,50045.79841183693,6353.468534209943,603225.4902482493
1147,68094.650252658,49633.93267687639,6386.371808116076,584050.8775152019
1148,68198.06052986748,49492.912398981585,6357.8454157759825,589213.945239376
1149,68196.56500080322,49918.46572621293,6420.783237901505,569015.7991271599
1150,68351.28150426249,49656.941926588,6438.6432483856,569486.9268097171
1151,68576.41634629184,49475.824996650015,6386.124103898303,570641.5133769151
1152,68656.18943239689,49754.546206346095,6447.924768898574,568329.1333652111
1153,68850.56172212747,49964.068634300886,6442.495900995653,566384.4360923875
1154,68985.54409318113,49772.9070207973,6347.609242797519,579416.5085361019
1155,69149.84308786078,50302.41156718203,6484.430580820008,576936.67987979
1156,69216.51524189033,50840.84851621826,6598.186954130027,559196.0462106701
1157,69364.74606918373,51187.147209083494,6550.560203625466,570187.3016529985
1158,69584.18511041078,50918.853443572676,6656.244485321174,564490.8001480186
1159,69636.47111351078,50807.80865279082,6756.023079634653,570051.4573492211
1160,69828.30139489389,50933.71649381972,6482.96341641296,586586.4673932834
1161,70142.26181401432,51767.88433292268,6368.173669191064,584973.367472871
1162,70121.33221336914,52043.43013911851,6321.194762044713,581082.1220658444
1163,70329.21707798206,51782.69968870049,6169.6964148625375,603093.6892010361
1164,70427.69193646124,52240.55588020903,6017.933604658282,585670.5710874597
1165,70419.95248772789,52646.49132690549,6158.839287698258,577418.1664363989
1166,70586.87709383677,52826.86675716956,6140.388430883492,578877.271225949
1167,70640.36628667937,52799.3209277404,5936.874598778922,582050.7505646306
1168,70846.80325516607,52254.65116305662,6069.879288033827,604918.6342169845
1169,71042.50045242485,52427.36413435182,6019.384066374841,620469.2712743002
1170,71214.5500787098,51670.738836483775,5932.76150661438,620011.1019219836
1171,71335.11385361366,52098.501869685235,5926.18862059099,631281.1724205294
1172,71472.37359771725,52089.77455267796,6105.317374492316,661074.777358119
1173,71730.3818364643,51979.65614062042,6095.975408077546,646681.5755850542
1174,71841.95225768148,52070.16879165387,6053.00183416504,656279.7755943014
1175,71866.04260896544,52366.17875044534,6356.424289199566,659296.9871406675
1176,72056.85037752635,52868.28122401278,6446.01959895458,657344.9757538941
1177,72069.40450205743,52476.935492928504,6439.681826836098,656341.2900199711
1178,72243.61495766547,52598.50336218264,6384.341120901325,661890.6735089129
1179,72277.6117295756,52561.99071071261,6206.561074642335,655986.1752196142
1180,72423.23135595495,53110.779834959896,6115.262906169892,667212.6579142231
1181,72634.23881323484,52638.48392225325,6226.850088247822,679326.7576262518
1182,72647.7914348016,53115.38913302824,6262.905658057083,658597.8720407444
1183,72605.21024239981,53334.193659842014,6326.3673026063,665425.0267113803
1184,72816.09624029553,53669.66689884391,6162.918333767547,675545.4641079747
1185,72874.59191703655,53638.21678992768,6104.991994856757,691018.7661563103
1186,73056.92562516622,53090.51860851715,5913.369203613877,693917.6610101899
1187,73080.15090199771,53050.65490824733,5874.329723521004,682155.6167030205
1188,73096.15288381994,53170.17234326739,5746.449696296483,643794.8022479254
1189,73267.80105655169,53464.801556467704,5644.500732735643,655469.870512185
1190,73362.5377810643,53043.439030558955,5793.868768190863,649238.9995873618
1191,73684.47417573909,53773.87380407546,5684.724224569881,644235.3917879886
1192,73848.80366996012,53500.070243845854,5508.413267885939,654071.1818528036
1193,74028.94626123298,54143.254670360744,5593.027332944605,664959.1264297807
1194,74035.91749785382,54244.419481851415,5450.4218258688215,675941.2769428734
1195,73910.38923914329,54315.71801955767,5359.110751083418,670005.4925150942
1196,74074.86004834407,53463.826099585356,5602.9075868247955,671055.594932732
1197,74204.847534467,54494.96257089544,5588.039507148571,659057.2224981064
1198,74245.86145350106,54388.5959246794,5475.323400649935,672059.8888063822
1199,74185.33246854486,54129.74553456649,5291.017957552169,647443.058802409
1200,74415.80668567569,54624.12920635597,4914.801759270733,654251.0259292489
1201,74769.887862758,54760.18517627827,5025.626840494975,665710.953251128
1202,74902.88869572945,54422.40119353248,4953.594818677295,658998.8624577066
1203,75022.19968301384,54438.93258810745,5053.28351528794,659893.3099444997
1204,75229.11996636672,55179.22688354055,5174.924746860174,672072.424999976
1205,75260.41147356958,55387.104135549824,5244.322447574289,682254.0496614648
1206,75425.0483450405,54856.75801868799,5124.718372098485,693519.1733416098
1207,75628.0480117218,54971.7884362946,5090.837652329915,691879.5125310234
1208,75635.85697923102,54478.3009581826,5078.814435447386,682971.7312561314
1209,75847.11396392128,54825.898859654284,5207.394505502957,677153.9685552313
1210,75996.82664842685,55010.762574524444,5232.664880455584,693073.0411056264
1211,76261.90207667009,54920.11326639032,5047.290366210626,704784.4577587792
1212,76157.10857581868,55558.89994918313,5079.247384915181,708799.6870720822
1213,76266.61683557248,55468.50747998033,5082.242177209076,719837.2711948006
1214,76571.73411599504,55502.422453791536,5275.321787543307,749005.0938451601
1215,76603.65670002092,54854.01661321466,5345.378462204544,773834.2737781758
1216,76565.504259484,55630.6312464622,5303.397024832704,792606.3949818071
1217,76824.1156766795,55597.55036126489,5318.381858961294,785049.1249992226
1218,77130.93149835734,55787.85163511096,5421.961913294321,757710.6502998287
1219,77382.68750451153,55646.76867910176,5340.910408790897,735461.6289840647
1220,77503.0911791904,56202.18675440184,5333.312008366585,707800.2884778626
1221,77569.77759931296,55789.145769306255,5349.494612750888,689988.8447732705
1222,77876.10222109345,56218.62460351513,5435.580316594098,716869.5579975368
1223,78089.88804834537,56369.948652749146,5470.4526208089765,705981.6468865188
1224,77932.73378354963,56779.76987540249,5234.507020553434,724134.0793385225
1225,77996.37148873002,57136.69152633115,5092.822368362127,723490.0997064731
1226,77979.6899584508,57654.62734589207,4986.00841888506,697928.5991584448
1227,78211.43752497357,57737.091077402576,5133.368351967451,727496.5831615468
1228,78473.30134124898,56911.09389223049,5209.628740070485,719590.8551926767
1229,78826.92943070787,57070.352118977324,5130.653971753122,730256.7280869344
1230,79081.96258046226,56261.704836680496,5194.80590461725,727589.6123469037
1231,79086.10592391562,56323.15554065265,5121.230903510205,721199.2382731488
1232,79395.49261149467,56874.191381663906,5237.408942611096,729207.9736563646
1233,79498.24577331524,56659.900175664414,5213.767915547721,738817.7458688079
1234,79695.37030246494,56456.0431396524,5162.4767225418145,728485.1782449189
1235,79841.78318344399,55960.46743486136,5149.576331583262,752246.7907325098
1236,79879.7604330444,55970.613037805626,5204.420580893391,787579.5902104178
1237,79960.52970434507,55973.15896008908,5215.282229707483,810824.050442712
1238,79975.90166189439,56771.50788292547,5031.501773209223,825843.0489911321
1239,79815.67277368595,56287.389659485816,5011.917003883162,832200.4952861342
1240,79903.78362581777,56977.6887975977,5101.336057041551,811866.1554739636
1241,79986.02746202183,56648.228243336554,5052.301478235919,802664.9995214471
1242,80025.51013833201,56941.41396044948,5213.390705770925,794716.2204878893
1243,80085.274225733,57320.967418280445,5290.131151305184,796038.4933969391
1244,80195.51554896534,57174.08524759215,5316.245436928966,783455.3112850318
1245,80240.05699008227,56383.32334029673,5201.120603177278,796611.3909430265
1246,80375.5081481405,57199.38260624888,5131.55122358873,817605.0968717408
1247,80599.58038919477,57048.458624377105,5279.852128862317,822640.6850490044
1248,80611.02633921984,57660.776387359256,5223.717799482526,840120.1134424326
1249,80795.52272792696,57807.78873446293,5099.8315563588385,824098.8375669629
1250,80867.76844629277,57240.12172707677,5069.841665157752,832153.1921488541
1251,81015.5217148686,57024.50829727636,4875.392309004009,842203.7034265965
1252,81052.70222052335,57498.50176977837,5036.061578152477,838301.635833166
1253,81063.38552551554,57180.16744708846,5251.964664805977,802429.3883288315
1254,81207.4674377811,56405.06495621461,5243.010601999998,775472.0582703365
1255,81450.66574487565,56560.9286702748,5320.815662648653,776617.5271206705
1256,81517.49034205623,57048.47088504557,5262.97540148101,770904.8059147996
1257,81637.49023266959,56746.70835135908,5125.091972686609,773998.5153264459
1258,81737.42847103463,56173.95601917307,5228.072528565296,775503.0229162502
1259,81877.45146787146,57869.21022229308,5203.796013296233,766085.7663278623
1260,82103.2112864844,58010.52248922227,5203.452371131164,753732.3185514095
