Symbol,Date,Close
NFLX,1/2/2015 16:00,49.85
NFLX,1/5/2015 16:00,47.31
NFLX,1/6/2015 16:00,46.5
NFLX,1/7/2015 16:00,46.74
NFLX,1/8/2015 16:00,47.78
NFLX,1/9/2015 16:00,47.04
NFLX,1/12/2015 16:00,45.55
NFLX,1/13/2015 16:00,46.26
NFLX,1/14/2015 16:00,46.32
NFLX,1/15/2015 16:00,46.25
NFLX,1/16/2015 16:00,48.19
NFLX,1/20/2015 16:00,49.83
NFLX,1/21/2015 16:00,58.47
NFLX,1/22/2015 16:00,61.21
NFLX,1/23/2015 16:00,62.49
NFLX,1/26/2015 16:00,63.79
NFLX,1/27/2015 16:00,64.88
NFLX,1/28/2015 16:00,63.21
NFLX,1/29/2015 16:00,63.4
NFLX,1/30/2015 16:00,63.11
NFLX,2/2/2015 16:00,63.01
NFLX,2/3/2015 16:00,65.27
NFLX,2/4/2015 16:00,64.1
NFLX,2/5/2015 16:00,64.13
NFLX,2/6/2015 16:00,63.48
NFLX,2/9/2015 16:00,63.3
NFLX,2/10/2015 16:00,64.85
NFLX,2/11/2015 16:00,64.98
NFLX,2/12/2015 16:00,65.25
NFLX,2/13/2015 16:00,66.59
NFLX,2/17/2015 16:00,67.14
NFLX,2/18/2015 16:00,67.87
NFLX,2/19/2015 16:00,67.8
NFLX,2/20/2015 16:00,68.31
NFLX,2/23/2015 16:00,67.41
NFLX,2/24/2015 16:00,67.84
NFLX,2/25/2015 16:00,68.33
NFLX,2/26/2015 16:00,69
NFLX,2/27/2015 16:00,67.84
NFLX,3/2/2015 16:00,68.61
NFLX,3/3/2015 16:00,67.82
NFLX,3/4/2015 16:00,67.11
NFLX,3/5/2015 16:00,66.81
NFLX,3/6/2015 16:00,64.87
NFLX,3/9/2015 16:00,63.66
NFLX,3/10/2015 16:00,62.15
NFLX,3/11/2015 16:00,62.88
NFLX,3/12/2015 16:00,64.05
NFLX,3/13/2015 16:00,62.63
NFLX,3/16/2015 16:00,60.28
NFLX,3/17/2015 16:00,59.79
NFLX,3/18/2015 16:00,60.45
NFLX,3/19/2015 16:00,60.74
NFLX,3/20/2015 16:00,61.19
NFLX,3/23/2015 16:00,60.71
NFLX,3/24/2015 16:00,62.61
NFLX,3/25/2015 16:00,60.25
NFLX,3/26/2015 16:00,59.75
NFLX,3/27/2015 16:00,59.25
NFLX,3/30/2015 16:00,60.37
NFLX,3/31/2015 16:00,59.53
NFLX,4/1/2015 16:00,59.02
NFLX,4/2/2015 16:00,59.15
NFLX,4/6/2015 16:00,60.33
NFLX,4/7/2015 16:00,60.49
NFLX,4/8/2015 16:00,63.05
NFLX,4/9/2015 16:00,62.79
NFLX,4/10/2015 16:00,64.94
NFLX,4/13/2015 16:00,67.81
NFLX,4/14/2015 16:00,68.39
NFLX,4/15/2015 16:00,67.92
NFLX,4/16/2015 16:00,80.29
NFLX,4/17/2015 16:00,81.65
NFLX,4/20/2015 16:00,81.06
NFLX,4/21/2015 16:00,80.06
NFLX,4/22/2015 16:00,79.67
NFLX,4/23/2015 16:00,79.87
NFLX,4/24/2015 16:00,79.77
NFLX,4/27/2015 16:00,80.87
NFLX,4/28/2015 16:00,80.44
NFLX,4/29/2015 16:00,80.41
NFLX,4/30/2015 16:00,79.5
NFLX,5/1/2015 16:00,79.58
NFLX,5/4/2015 16:00,79.27
NFLX,5/5/2015 16:00,80.79
NFLX,5/6/2015 16:00,80.08
NFLX,5/7/2015 16:00,80.75
NFLX,5/8/2015 16:00,82.09
NFLX,5/11/2015 16:00,84.28
NFLX,5/12/2015 16:00,83.38
NFLX,5/13/2015 16:00,82.87
NFLX,5/14/2015 16:00,83.84
NFLX,5/15/2015 16:00,87.61
NFLX,5/18/2015 16:00,88.27
NFLX,5/19/2015 16:00,88.07
NFLX,5/20/2015 16:00,88.79
NFLX,5/21/2015 16:00,89
NFLX,5/22/2015 16:00,88.84
NFLX,5/26/2015 16:00,87.99
NFLX,5/27/2015 16:00,89.86
NFLX,5/28/2015 16:00,89.51
NFLX,5/29/2015 16:00,89.15
NFLX,6/1/2015 16:00,89
NFLX,6/2/2015 16:00,89.13
NFLX,6/3/2015 16:00,88.81
NFLX,6/4/2015 16:00,89.35
NFLX,6/5/2015 16:00,90.46
NFLX,6/8/2015 16:00,89.6
NFLX,6/9/2015 16:00,92.45
NFLX,6/10/2015 16:00,95.87
NFLX,6/11/2015 16:00,95.09
NFLX,6/12/2015 16:00,94.42
NFLX,6/15/2015 16:00,93.43
NFLX,6/16/2015 16:00,95.27
NFLX,6/17/2015 16:00,94.27
NFLX,6/18/2015 16:00,94.74
NFLX,6/19/2015 16:00,93.87
NFLX,6/22/2015 16:00,96.41
NFLX,6/23/2015 16:00,97.31
NFLX,6/24/2015 16:00,96.94
NFLX,6/25/2015 16:00,94.89
NFLX,6/26/2015 16:00,93.09
NFLX,6/29/2015 16:00,92.23
NFLX,6/30/2015 16:00,93.85
NFLX,7/1/2015 16:00,93.64
NFLX,7/2/2015 16:00,94.04
NFLX,7/6/2015 16:00,94.57
NFLX,7/7/2015 16:00,94.09
NFLX,7/8/2015 16:00,93.51
NFLX,7/9/2015 16:00,95.73
NFLX,7/10/2015 16:00,97.23
NFLX,7/13/2015 16:00,101.09
NFLX,7/14/2015 16:00,100.37
NFLX,7/15/2015 16:00,98.13
NFLX,7/16/2015 16:00,115.81
NFLX,7/17/2015 16:00,114.77
NFLX,7/20/2015 16:00,110.55
NFLX,7/21/2015 16:00,112.51
NFLX,7/22/2015 16:00,111.5
NFLX,7/23/2015 16:00,110.1
NFLX,7/24/2015 16:00,109.34
NFLX,7/27/2015 16:00,106.43
NFLX,7/28/2015 16:00,106.9
NFLX,7/29/2015 16:00,107.08
NFLX,7/30/2015 16:00,111.56
NFLX,7/31/2015 16:00,114.31
NFLX,8/3/2015 16:00,112.56
NFLX,8/4/2015 16:00,121.15
NFLX,8/5/2015 16:00,123.71
NFLX,8/6/2015 16:00,126.45
NFLX,8/7/2015 16:00,123.52
NFLX,8/10/2015 16:00,123.03
NFLX,8/11/2015 16:00,122.74
NFLX,8/12/2015 16:00,120.51
NFLX,8/13/2015 16:00,123.73
NFLX,8/14/2015 16:00,123.39
NFLX,8/17/2015 16:00,125.36
NFLX,8/18/2015 16:00,124.05
NFLX,8/19/2015 16:00,122.06
NFLX,8/20/2015 16:00,112.49
NFLX,8/21/2015 16:00,103.96
NFLX,8/24/2015 16:00,96.88
NFLX,8/25/2015 16:00,101.52
NFLX,8/26/2015 16:00,110.13
NFLX,8/27/2015 16:00,117.66
NFLX,8/28/2015 16:00,117.63
NFLX,8/31/2015 16:00,115.03
NFLX,9/1/2015 16:00,105.79
NFLX,9/2/2015 16:00,105.44
NFLX,9/3/2015 16:00,101.06
NFLX,9/4/2015 16:00,98.79
NFLX,9/8/2015 16:00,94.95
NFLX,9/9/2015 16:00,99.18
NFLX,9/10/2015 16:00,99.48
NFLX,9/11/2015 16:00,97.51
NFLX,9/14/2015 16:00,95.69
NFLX,9/15/2015 16:00,99.16
NFLX,9/16/2015 16:00,104.08
NFLX,9/17/2015 16:00,104.21
NFLX,9/18/2015 16:00,102.62
NFLX,9/21/2015 16:00,100.3
NFLX,9/22/2015 16:00,98.47
NFLX,9/23/2015 16:00,98.07
NFLX,9/24/2015 16:00,103.76
NFLX,9/25/2015 16:00,102.24
NFLX,9/28/2015 16:00,99.47
NFLX,9/29/2015 16:00,98.35
NFLX,9/30/2015 16:00,103.26
NFLX,10/1/2015 16:00,105.98
NFLX,10/2/2015 16:00,106.11
NFLX,10/5/2015 16:00,111.25
NFLX,10/6/2015 16:00,108.33
NFLX,10/7/2015 16:00,108.1
NFLX,10/8/2015 16:00,114.93
NFLX,10/9/2015 16:00,113.33
NFLX,10/12/2015 16:00,113.45
NFLX,10/13/2015 16:00,109.73
NFLX,10/14/2015 16:00,110.23
NFLX,10/15/2015 16:00,101.09
NFLX,10/16/2015 16:00,98.99
NFLX,10/19/2015 16:00,101.69
NFLX,10/20/2015 16:00,98.99
NFLX,10/21/2015 16:00,97.96
NFLX,10/22/2015 16:00,97.32
NFLX,10/23/2015 16:00,100.04
NFLX,10/26/2015 16:00,103.04
NFLX,10/27/2015 16:00,103.07
NFLX,10/28/2015 16:00,105.8
NFLX,10/29/2015 16:00,105.12
NFLX,10/30/2015 16:00,108.38
NFLX,11/2/2015 16:00,107.64
NFLX,11/3/2015 16:00,109.74
NFLX,11/4/2015 16:00,114.05
NFLX,11/5/2015 16:00,113.5
NFLX,11/6/2015 16:00,114.06
NFLX,11/9/2015 16:00,109.86
NFLX,11/10/2015 16:00,112.7
NFLX,11/11/2015 16:00,112.86
NFLX,11/12/2015 16:00,108.92
NFLX,11/13/2015 16:00,103.65
NFLX,11/16/2015 16:00,111.35
NFLX,11/17/2015 16:00,117.1
NFLX,11/18/2015 16:00,120.63
NFLX,11/19/2015 16:00,120.22
NFLX,11/20/2015 16:00,123.84
NFLX,11/23/2015 16:00,125.03
NFLX,11/24/2015 16:00,123.31
NFLX,11/25/2015 16:00,124.16
NFLX,11/27/2015 16:00,125.44
NFLX,11/30/2015 16:00,123.33
NFLX,12/1/2015 16:00,125.37
NFLX,12/2/2015 16:00,128.93
NFLX,12/3/2015 16:00,126.81
NFLX,12/4/2015 16:00,130.93
NFLX,12/7/2015 16:00,125.36
NFLX,12/8/2015 16:00,126.98
NFLX,12/9/2015 16:00,124.2
NFLX,12/10/2015 16:00,122.91
NFLX,12/11/2015 16:00,118.91
NFLX,12/14/2015 16:00,120.67
NFLX,12/15/2015 16:00,118.6
NFLX,12/16/2015 16:00,122.64
NFLX,12/17/2015 16:00,122.51
NFLX,12/18/2015 16:00,118.02
NFLX,12/21/2015 16:00,116.63
NFLX,12/22/2015 16:00,116.24
NFLX,12/23/2015 16:00,118.16
NFLX,12/24/2015 16:00,117.33
NFLX,12/28/2015 16:00,117.11
NFLX,12/29/2015 16:00,119.12
NFLX,12/30/2015 16:00,116.71
NFLX,12/31/2015 16:00,114.38
NFLX,1/4/2016 16:00,109.96
NFLX,1/5/2016 16:00,107.66
NFLX,1/6/2016 16:00,117.68
NFLX,1/7/2016 16:00,114.56
NFLX,1/8/2016 16:00,111.39
NFLX,1/11/2016 16:00,114.97
NFLX,1/12/2016 16:00,116.58
NFLX,1/13/2016 16:00,106.56
NFLX,1/14/2016 16:00,107.06
NFLX,1/15/2016 16:00,104.04
NFLX,1/19/2016 16:00,107.89
NFLX,1/20/2016 16:00,107.74
NFLX,1/21/2016 16:00,102.35
NFLX,1/22/2016 16:00,100.72
NFLX,1/25/2016 16:00,99.12
NFLX,1/26/2016 16:00,97.83
NFLX,1/27/2016 16:00,91.15
NFLX,1/28/2016 16:00,94.41
NFLX,1/29/2016 16:00,91.84
NFLX,2/1/2016 16:00,94.09
NFLX,2/2/2016 16:00,91.49
NFLX,2/3/2016 16:00,90.74
NFLX,2/4/2016 16:00,89.71
NFLX,2/5/2016 16:00,82.79
NFLX,2/8/2016 16:00,83.32
NFLX,2/9/2016 16:00,86.13
NFLX,2/10/2016 16:00,88.45
NFLX,2/11/2016 16:00,86.35
NFLX,2/12/2016 16:00,87.4
NFLX,2/16/2016 16:00,89.05
NFLX,2/17/2016 16:00,94.76
NFLX,2/18/2016 16:00,90.49
NFLX,2/19/2016 16:00,89.23
NFLX,2/22/2016 16:00,91.93
NFLX,2/23/2016 16:00,89.12
NFLX,2/24/2016 16:00,91.61
NFLX,2/25/2016 16:00,94.53
NFLX,2/26/2016 16:00,94.79
NFLX,2/29/2016 16:00,93.41
NFLX,3/1/2016 16:00,98.3
NFLX,3/2/2016 16:00,97.61
NFLX,3/3/2016 16:00,97.93
NFLX,3/4/2016 16:00,101.58
NFLX,3/7/2016 16:00,95.49
NFLX,3/8/2016 16:00,96.23
NFLX,3/9/2016 16:00,98
NFLX,3/10/2016 16:00,97.36
NFLX,3/11/2016 16:00,97.66
NFLX,3/14/2016 16:00,98.13
NFLX,3/15/2016 16:00,97.86
NFLX,3/16/2016 16:00,99.35
NFLX,3/17/2016 16:00,99.72
NFLX,3/18/2016 16:00,101.12
NFLX,3/21/2016 16:00,101.06
NFLX,3/22/2016 16:00,99.84
NFLX,3/23/2016 16:00,99.59
NFLX,3/24/2016 16:00,98.36
NFLX,3/28/2016 16:00,101.21
NFLX,3/29/2016 16:00,104.13
NFLX,3/30/2016 16:00,102.19
NFLX,3/31/2016 16:00,102.23
NFLX,4/1/2016 16:00,105.7
NFLX,4/4/2016 16:00,104.35
NFLX,4/5/2016 16:00,104.94
NFLX,4/6/2016 16:00,104.83
NFLX,4/7/2016 16:00,104.45
NFLX,4/8/2016 16:00,103.81
NFLX,4/11/2016 16:00,102.68
NFLX,4/12/2016 16:00,106.98
NFLX,4/13/2016 16:00,109.65
NFLX,4/14/2016 16:00,110.42
NFLX,4/15/2016 16:00,111.51
NFLX,4/18/2016 16:00,108.4
NFLX,4/19/2016 16:00,94.34
NFLX,4/20/2016 16:00,96.77
NFLX,4/21/2016 16:00,94.98
NFLX,4/22/2016 16:00,95.9
NFLX,4/25/2016 16:00,93.56
NFLX,4/26/2016 16:00,92.43
NFLX,4/27/2016 16:00,91.04
NFLX,4/28/2016 16:00,90.28
NFLX,4/29/2016 16:00,90.03
NFLX,5/2/2016 16:00,93.11
NFLX,5/3/2016 16:00,91.54
NFLX,5/4/2016 16:00,90.79
NFLX,5/5/2016 16:00,89.37
NFLX,5/6/2016 16:00,90.84
NFLX,5/9/2016 16:00,90.54
NFLX,5/10/2016 16:00,92.89
NFLX,5/11/2016 16:00,90.02
NFLX,5/12/2016 16:00,87.74
NFLX,5/13/2016 16:00,87.88
NFLX,5/16/2016 16:00,89.12
NFLX,5/17/2016 16:00,88.63
NFLX,5/18/2016 16:00,90.5
NFLX,5/19/2016 16:00,89.55
NFLX,5/20/2016 16:00,92.49
NFLX,5/23/2016 16:00,94.89
NFLX,5/24/2016 16:00,97.89
NFLX,5/25/2016 16:00,100.2
NFLX,5/26/2016 16:00,102.81
NFLX,5/27/2016 16:00,103.3
NFLX,5/31/2016 16:00,102.57
NFLX,6/1/2016 16:00,101.51
NFLX,6/2/2016 16:00,101.25
NFLX,6/3/2016 16:00,99.59
NFLX,6/6/2016 16:00,100.74
NFLX,6/7/2016 16:00,99.89
NFLX,6/8/2016 16:00,97.86
NFLX,6/9/2016 16:00,97.09
NFLX,6/10/2016 16:00,93.75
NFLX,6/13/2016 16:00,93.85
NFLX,6/14/2016 16:00,94.12
NFLX,6/15/2016 16:00,94.29
NFLX,6/16/2016 16:00,95.44
NFLX,6/17/2016 16:00,94.45
NFLX,6/20/2016 16:00,93.8
NFLX,6/21/2016 16:00,90.99
NFLX,6/22/2016 16:00,90.01
NFLX,6/23/2016 16:00,91.66
NFLX,6/24/2016 16:00,88.44
NFLX,6/27/2016 16:00,85.33
NFLX,6/28/2016 16:00,87.97
NFLX,6/29/2016 16:00,91.06
NFLX,6/30/2016 16:00,91.48
NFLX,7/1/2016 16:00,96.67
NFLX,7/5/2016 16:00,97.91
NFLX,7/6/2016 16:00,94.6
NFLX,7/7/2016 16:00,95.1
NFLX,7/8/2016 16:00,97.06
NFLX,7/11/2016 16:00,94.67
NFLX,7/12/2016 16:00,95.97
NFLX,7/13/2016 16:00,96.43
NFLX,7/14/2016 16:00,98.02
NFLX,7/15/2016 16:00,98.39
NFLX,7/18/2016 16:00,98.81
NFLX,7/19/2016 16:00,85.84
NFLX,7/20/2016 16:00,87.91
NFLX,7/21/2016 16:00,85.99
NFLX,7/22/2016 16:00,85.89
NFLX,7/25/2016 16:00,87.66
NFLX,7/26/2016 16:00,91.41
NFLX,7/27/2016 16:00,92.04
NFLX,7/28/2016 16:00,91.65
NFLX,7/29/2016 16:00,91.25
NFLX,8/1/2016 16:00,94.37
NFLX,8/2/2016 16:00,93.56
NFLX,8/3/2016 16:00,93.1
NFLX,8/4/2016 16:00,93.44
NFLX,8/5/2016 16:00,97.03
NFLX,8/8/2016 16:00,95.11
NFLX,8/9/2016 16:00,93.99
NFLX,8/10/2016 16:00,93.93
NFLX,8/11/2016 16:00,95.89
NFLX,8/12/2016 16:00,96.59
NFLX,8/15/2016 16:00,95.31
NFLX,8/16/2016 16:00,95.12
NFLX,8/17/2016 16:00,96.37
NFLX,8/18/2016 16:00,96.16
NFLX,8/19/2016 16:00,95.87
NFLX,8/22/2016 16:00,95.26
NFLX,8/23/2016 16:00,95.94
NFLX,8/24/2016 16:00,95.18
NFLX,8/25/2016 16:00,97.32
NFLX,8/26/2016 16:00,97.58
NFLX,8/29/2016 16:00,97.3
NFLX,8/30/2016 16:00,97.45
NFLX,8/31/2016 16:00,97.45
NFLX,9/1/2016 16:00,97.38
NFLX,9/2/2016 16:00,97.38
NFLX,9/6/2016 16:00,100.09
NFLX,9/7/2016 16:00,99.15
NFLX,9/8/2016 16:00,99.66
NFLX,9/9/2016 16:00,96.5
NFLX,9/12/2016 16:00,99.05
NFLX,9/13/2016 16:00,96.09
NFLX,9/14/2016 16:00,97.01
NFLX,9/15/2016 16:00,97.34
NFLX,9/16/2016 16:00,99.48
NFLX,9/19/2016 16:00,98.06
NFLX,9/20/2016 16:00,98.25
NFLX,9/21/2016 16:00,94.88
NFLX,9/22/2016 16:00,95.83
NFLX,9/23/2016 16:00,95.94
NFLX,9/26/2016 16:00,94.56
NFLX,9/27/2016 16:00,97.07
NFLX,9/28/2016 16:00,97.48
NFLX,9/29/2016 16:00,96.67
NFLX,9/30/2016 16:00,98.55
NFLX,10/3/2016 16:00,102.63
NFLX,10/4/2016 16:00,102.34
NFLX,10/5/2016 16:00,106.28
NFLX,10/6/2016 16:00,105.07
NFLX,10/7/2016 16:00,104.82
NFLX,10/10/2016 16:00,103.33
NFLX,10/11/2016 16:00,100.59
NFLX,10/12/2016 16:00,99.5
NFLX,10/13/2016 16:00,100.23
NFLX,10/14/2016 16:00,101.47
NFLX,10/17/2016 16:00,99.8
NFLX,10/18/2016 16:00,118.79
NFLX,10/19/2016 16:00,121.87
NFLX,10/20/2016 16:00,123.35
NFLX,10/21/2016 16:00,127.5
NFLX,10/24/2016 16:00,127.33
NFLX,10/25/2016 16:00,126.51
NFLX,10/26/2016 16:00,126.97
NFLX,10/27/2016 16:00,126.47
NFLX,10/28/2016 16:00,126.57
NFLX,10/31/2016 16:00,124.87
NFLX,11/1/2016 16:00,123.3
NFLX,11/2/2016 16:00,122.34
NFLX,11/3/2016 16:00,122.14
NFLX,11/4/2016 16:00,122.03
NFLX,11/7/2016 16:00,124.58
NFLX,11/8/2016 16:00,124.34
NFLX,11/9/2016 16:00,122.19
NFLX,11/10/2016 16:00,115.42
NFLX,11/11/2016 16:00,114.78
NFLX,11/14/2016 16:00,113.38
NFLX,11/15/2016 16:00,113.59
NFLX,11/16/2016 16:00,115.19
NFLX,11/17/2016 16:00,115.03
NFLX,11/18/2016 16:00,115.21
NFLX,11/21/2016 16:00,117.96
NFLX,11/22/2016 16:00,118.04
NFLX,11/23/2016 16:00,117.69
NFLX,11/25/2016 16:00,117.41
NFLX,11/28/2016 16:00,116.93
NFLX,11/29/2016 16:00,117.51
NFLX,11/30/2016 16:00,117
NFLX,12/1/2016 16:00,117.22
NFLX,12/2/2016 16:00,120.81
NFLX,12/5/2016 16:00,119.16
NFLX,12/6/2016 16:00,124.57
NFLX,12/7/2016 16:00,125.39
NFLX,12/8/2016 16:00,123.24
NFLX,12/9/2016 16:00,122.88
NFLX,12/12/2016 16:00,122.83
NFLX,12/13/2016 16:00,123.78
NFLX,12/14/2016 16:00,123.44
NFLX,12/15/2016 16:00,125
NFLX,12/16/2016 16:00,124.22
NFLX,12/19/2016 16:00,125.45
NFLX,12/20/2016 16:00,125.12
NFLX,12/21/2016 16:00,126.5
NFLX,12/22/2016 16:00,125.58
NFLX,12/23/2016 16:00,125.59
NFLX,12/27/2016 16:00,128.35
NFLX,12/28/2016 16:00,125.89
NFLX,12/29/2016 16:00,125.33
NFLX,12/30/2016 16:00,123.8
NFLX,1/3/2017 16:00,127.49
NFLX,1/4/2017 16:00,129.41
NFLX,1/5/2017 16:00,131.81
NFLX,1/6/2017 16:00,131.07
NFLX,1/9/2017 16:00,130.95
NFLX,1/10/2017 16:00,129.89
NFLX,1/11/2017 16:00,130.5
NFLX,1/12/2017 16:00,129.18
NFLX,1/13/2017 16:00,133.7
NFLX,1/17/2017 16:00,132.89
NFLX,1/18/2017 16:00,133.26
NFLX,1/19/2017 16:00,138.41
NFLX,1/20/2017 16:00,138.6
NFLX,1/23/2017 16:00,137.39
NFLX,1/24/2017 16:00,140.11
NFLX,1/25/2017 16:00,139.52
NFLX,1/26/2017 16:00,138.96
NFLX,1/27/2017 16:00,142.45
NFLX,1/30/2017 16:00,141.22
NFLX,1/31/2017 16:00,140.71
NFLX,2/1/2017 16:00,140.78
NFLX,2/2/2017 16:00,139.2
NFLX,2/3/2017 16:00,140.25
NFLX,2/6/2017 16:00,140.97
NFLX,2/7/2017 16:00,144
NFLX,2/8/2017 16:00,144.74
NFLX,2/9/2017 16:00,144.14
NFLX,2/10/2017 16:00,144.82
NFLX,2/13/2017 16:00,143.2
NFLX,2/14/2017 16:00,140.82
NFLX,2/15/2017 16:00,142.27
NFLX,2/16/2017 16:00,142.01
NFLX,2/17/2017 16:00,142.22
NFLX,2/21/2017 16:00,142.6
NFLX,2/22/2017 16:00,143.86
NFLX,2/23/2017 16:00,142.78
NFLX,2/24/2017 16:00,143.25
NFLX,2/27/2017 16:00,143.41
NFLX,2/28/2017 16:00,142.13
NFLX,3/1/2017 16:00,142.65
NFLX,3/2/2017 16:00,139.53
NFLX,3/3/2017 16:00,139.14
NFLX,3/6/2017 16:00,141.94
NFLX,3/7/2017 16:00,141.43
NFLX,3/8/2017 16:00,140.32
NFLX,3/9/2017 16:00,140.53
NFLX,3/10/2017 16:00,140.89
NFLX,3/13/2017 16:00,143.52
NFLX,3/14/2017 16:00,143.19
NFLX,3/15/2017 16:00,145.25
NFLX,3/16/2017 16:00,144.39
NFLX,3/17/2017 16:00,145.11
NFLX,3/20/2017 16:00,145.83
NFLX,3/21/2017 16:00,142.42
NFLX,3/22/2017 16:00,142.65
NFLX,3/23/2017 16:00,141.84
NFLX,3/24/2017 16:00,142.02
NFLX,3/27/2017 16:00,144.06
NFLX,3/28/2017 16:00,145.17
NFLX,3/29/2017 16:00,146.47
NFLX,3/30/2017 16:00,148.06
NFLX,3/31/2017 16:00,147.81
NFLX,4/3/2017 16:00,146.92
NFLX,4/4/2017 16:00,145.5
NFLX,4/5/2017 16:00,143.62
NFLX,4/6/2017 16:00,143.74
NFLX,4/7/2017 16:00,143.11
NFLX,4/10/2017 16:00,143.85
NFLX,4/11/2017 16:00,144.35
NFLX,4/12/2017 16:00,143.83
NFLX,4/13/2017 16:00,142.92
NFLX,4/17/2017 16:00,147.25
NFLX,4/18/2017 16:00,143.36
NFLX,4/19/2017 16:00,139.76
NFLX,4/20/2017 16:00,141.18
NFLX,4/21/2017 16:00,142.87
NFLX,4/24/2017 16:00,143.83
NFLX,4/25/2017 16:00,152.16
NFLX,4/26/2017 16:00,150.17
NFLX,4/27/2017 16:00,153.08
NFLX,4/28/2017 16:00,152.2
NFLX,5/1/2017 16:00,155.35
NFLX,5/2/2017 16:00,156.45
NFLX,5/3/2017 16:00,155.59
NFLX,5/4/2017 16:00,157.25
NFLX,5/5/2017 16:00,156.6
NFLX,5/8/2017 16:00,156.38
NFLX,5/9/2017 16:00,157.46
NFLX,5/10/2017 16:00,160.28
NFLX,5/11/2017 16:00,158.54
NFLX,5/12/2017 16:00,160.81
NFLX,5/15/2017 16:00,160.02
NFLX,5/16/2017 16:00,159.41
NFLX,5/17/2017 16:00,153.2
NFLX,5/18/2017 16:00,155.7
NFLX,5/19/2017 16:00,157.02
NFLX,5/22/2017 16:00,157.16
NFLX,5/23/2017 16:00,157.95
NFLX,5/24/2017 16:00,157.75
NFLX,5/25/2017 16:00,163.05
NFLX,5/26/2017 16:00,162.43
NFLX,5/30/2017 16:00,163.22
NFLX,5/31/2017 16:00,163.07
NFLX,6/1/2017 16:00,162.99
NFLX,6/2/2017 16:00,165.18
NFLX,6/5/2017 16:00,165.06
NFLX,6/6/2017 16:00,165.17
NFLX,6/7/2017 16:00,165.61
NFLX,6/8/2017 16:00,165.88
NFLX,6/9/2017 16:00,158.03
NFLX,6/12/2017 16:00,151.44
NFLX,6/13/2017 16:00,152.72
NFLX,6/14/2017 16:00,152.2
NFLX,6/15/2017 16:00,151.76
NFLX,6/16/2017 16:00,152.38
NFLX,6/19/2017 16:00,153.4
NFLX,6/20/2017 16:00,152.05
NFLX,6/21/2017 16:00,155.03
NFLX,6/22/2017 16:00,154.89
NFLX,6/23/2017 16:00,158.02
NFLX,6/26/2017 16:00,157.5
NFLX,6/27/2017 16:00,151.03
NFLX,6/28/2017 16:00,153.41
NFLX,6/29/2017 16:00,150.09
NFLX,6/30/2017 16:00,149.41
NFLX,7/3/2017 16:00,146.17
NFLX,7/5/2017 16:00,147.61
NFLX,7/6/2017 16:00,146.25
NFLX,7/7/2017 16:00,150.18
NFLX,7/10/2017 16:00,152.67
NFLX,7/11/2017 16:00,154.33
NFLX,7/12/2017 16:00,158.75
NFLX,7/13/2017 16:00,158.21
NFLX,7/14/2017 16:00,161.12
NFLX,7/17/2017 16:00,161.7
NFLX,7/18/2017 16:00,183.6
NFLX,7/19/2017 16:00,183.86
NFLX,7/20/2017 16:00,183.6
NFLX,7/21/2017 16:00,188.54
NFLX,7/24/2017 16:00,187.91
NFLX,7/25/2017 16:00,186.97
NFLX,7/26/2017 16:00,189.08
NFLX,7/27/2017 16:00,182.68
NFLX,7/28/2017 16:00,184.04
NFLX,7/31/2017 16:00,181.66
NFLX,8/1/2017 16:00,182.03
NFLX,8/2/2017 16:00,180.74
NFLX,8/3/2017 16:00,179.23
NFLX,8/4/2017 16:00,180.27
NFLX,8/7/2017 16:00,181.33
NFLX,8/8/2017 16:00,178.36
NFLX,8/9/2017 16:00,175.78
NFLX,8/10/2017 16:00,169.14
NFLX,8/11/2017 16:00,171.4
NFLX,8/14/2017 16:00,171
NFLX,8/15/2017 16:00,168.5
NFLX,8/16/2017 16:00,169.98
NFLX,8/17/2017 16:00,166.09
NFLX,8/18/2017 16:00,166.54
NFLX,8/21/2017 16:00,166.76
NFLX,8/22/2017 16:00,169.34
NFLX,8/23/2017 16:00,169.06
NFLX,8/24/2017 16:00,168.13
NFLX,8/25/2017 16:00,165.95
NFLX,8/28/2017 16:00,167.12
NFLX,8/29/2017 16:00,168.81
NFLX,8/30/2017 16:00,174.69
NFLX,8/31/2017 16:00,174.71
NFLX,9/1/2017 16:00,174.74
NFLX,9/5/2017 16:00,174.52
NFLX,9/6/2017 16:00,179.25
NFLX,9/7/2017 16:00,179
NFLX,9/8/2017 16:00,176.42
NFLX,9/11/2017 16:00,181.74
NFLX,9/12/2017 16:00,185.15
NFLX,9/13/2017 16:00,183.64
NFLX,9/14/2017 16:00,182.63
NFLX,9/15/2017 16:00,182.35
NFLX,9/18/2017 16:00,184.62
NFLX,9/19/2017 16:00,185.68
NFLX,9/20/2017 16:00,185.51
NFLX,9/21/2017 16:00,188.78
NFLX,9/22/2017 16:00,187.35
NFLX,9/25/2017 16:00,178.55
NFLX,9/26/2017 16:00,179.38
NFLX,9/27/2017 16:00,181.97
NFLX,9/28/2017 16:00,180.7
NFLX,9/29/2017 16:00,181.35
NFLX,10/2/2017 16:00,177.01
NFLX,10/3/2017 16:00,179.19
NFLX,10/4/2017 16:00,184.45
NFLX,10/5/2017 16:00,194.39
NFLX,10/6/2017 16:00,198.02
NFLX,10/9/2017 16:00,196.87
NFLX,10/10/2017 16:00,195.08
NFLX,10/11/2017 16:00,194.95
NFLX,10/12/2017 16:00,195.86
NFLX,10/13/2017 16:00,199.49
NFLX,10/16/2017 16:00,202.68
NFLX,10/17/2017 16:00,199.48
NFLX,10/18/2017 16:00,195.54
NFLX,10/19/2017 16:00,195.13
NFLX,10/20/2017 16:00,194.16
NFLX,10/23/2017 16:00,192.47
NFLX,10/24/2017 16:00,196.02
NFLX,10/25/2017 16:00,193.77
NFLX,10/26/2017 16:00,195.21
NFLX,10/27/2017 16:00,199.54
NFLX,10/30/2017 16:00,198.37
NFLX,10/31/2017 16:00,196.43
NFLX,11/1/2017 16:00,198
NFLX,11/2/2017 16:00,199.32
NFLX,11/3/2017 16:00,200.01
NFLX,11/6/2017 16:00,200.13
NFLX,11/7/2017 16:00,195.89
NFLX,11/8/2017 16:00,196.44
NFLX,11/9/2017 16:00,193.9
NFLX,11/10/2017 16:00,192.02
NFLX,11/13/2017 16:00,195.08
NFLX,11/14/2017 16:00,195.71
NFLX,11/15/2017 16:00,192.12
NFLX,11/16/2017 16:00,195.51
NFLX,11/17/2017 16:00,193.2
NFLX,11/20/2017 16:00,194.1
NFLX,11/21/2017 16:00,196.23
NFLX,11/22/2017 16:00,196.32
NFLX,11/24/2017 13:00,195.75
NFLX,11/27/2017 16:00,195.05
NFLX,11/28/2017 16:00,199.18
NFLX,11/29/2017 16:00,188.15
NFLX,11/30/2017 16:00,187.58
NFLX,12/1/2017 16:00,186.82
NFLX,12/4/2017 16:00,184.04
NFLX,12/5/2017 16:00,184.21
NFLX,12/6/2017 16:00,185.3
NFLX,12/7/2017 16:00,185.2
NFLX,12/8/2017 16:00,188.54
NFLX,12/11/2017 16:00,186.22
NFLX,12/12/2017 16:00,185.73
NFLX,12/13/2017 16:00,187.86
NFLX,12/14/2017 16:00,189.56
NFLX,12/15/2017 16:00,190.12
NFLX,12/18/2017 16:00,190.42
NFLX,12/19/2017 16:00,187.02
NFLX,12/20/2017 16:00,188.82
NFLX,12/21/2017 16:00,188.62
NFLX,12/22/2017 16:00,189.94
NFLX,12/26/2017 16:00,187.76
NFLX,12/27/2017 16:00,186.24
NFLX,12/28/2017 16:00,192.71
NFLX,12/29/2017 16:00,191.96
NFLX,1/2/2018 16:00,201.07
NFLX,1/3/2018 16:00,205.05
NFLX,1/4/2018 16:00,205.63
NFLX,1/5/2018 16:00,209.99
NFLX,1/8/2018 16:00,212.05
NFLX,1/9/2018 16:00,209.31
NFLX,1/10/2018 16:00,212.52
NFLX,1/11/2018 16:00,217.24
NFLX,1/12/2018 16:00,221.23
NFLX,1/16/2018 16:00,221.53
NFLX,1/17/2018 16:00,217.5
NFLX,1/18/2018 16:00,220.33
NFLX,1/19/2018 16:00,220.46
NFLX,1/22/2018 16:00,227.58
NFLX,1/23/2018 16:00,250.29
NFLX,1/24/2018 16:00,261.3
NFLX,1/25/2018 16:00,269.7
NFLX,1/26/2018 16:00,274.6
NFLX,1/29/2018 16:00,284.59
NFLX,1/30/2018 16:00,278.8
NFLX,1/31/2018 16:00,270.3
NFLX,2/1/2018 16:00,265.07
NFLX,2/2/2018 16:00,267.43
NFLX,2/5/2018 16:00,254.26
NFLX,2/6/2018 16:00,265.72
NFLX,2/7/2018 16:00,264.56
NFLX,2/8/2018 16:00,250.1
NFLX,2/9/2018 16:00,249.47
NFLX,2/12/2018 16:00,257.95
NFLX,2/13/2018 16:00,258.27
NFLX,2/14/2018 16:00,266
NFLX,2/15/2018 16:00,280.27
NFLX,2/16/2018 16:00,278.52
NFLX,2/20/2018 16:00,278.55
NFLX,2/21/2018 16:00,281.04
NFLX,2/22/2018 16:00,278.14
NFLX,2/23/2018 16:00,285.93
NFLX,2/26/2018 16:00,294.16
NFLX,2/27/2018 16:00,290.61
NFLX,2/28/2018 16:00,291.38
NFLX,3/1/2018 16:00,290.39
NFLX,3/2/2018 16:00,301.05
NFLX,3/5/2018 16:00,315
NFLX,3/6/2018 16:00,325.22
NFLX,3/7/2018 16:00,321.16
NFLX,3/8/2018 16:00,317
NFLX,3/9/2018 16:00,331.44
NFLX,3/12/2018 16:00,321.3
NFLX,3/13/2018 16:00,315.88
NFLX,3/14/2018 16:00,321.55
NFLX,3/15/2018 16:00,321.09
NFLX,3/16/2018 16:00,318.45
NFLX,3/19/2018 16:00,313.48
NFLX,3/20/2018 16:00,317.5
NFLX,3/21/2018 16:00,316.48
NFLX,3/22/2018 16:00,306.7
NFLX,3/23/2018 16:00,300.94
NFLX,3/26/2018 16:00,320.35
NFLX,3/27/2018 16:00,300.69
NFLX,3/28/2018 16:00,285.77
NFLX,3/29/2018 16:00,295.35
NFLX,4/2/2018 16:00,280.29
NFLX,4/3/2018 16:00,283.67
NFLX,4/4/2018 16:00,288.94
NFLX,4/5/2018 16:00,293.97
NFLX,4/6/2018 16:00,288.85
NFLX,4/9/2018 16:00,289.93
NFLX,4/10/2018 16:00,298.07
NFLX,4/11/2018 16:00,303.67
NFLX,4/12/2018 16:00,309.25
NFLX,4/13/2018 16:00,311.65
NFLX,4/16/2018 16:00,307.78
NFLX,4/17/2018 16:00,336.06
NFLX,4/18/2018 16:00,334.52
NFLX,4/19/2018 16:00,332.7
NFLX,4/20/2018 16:00,327.77
NFLX,4/23/2018 16:00,318.69
NFLX,4/24/2018 16:00,307.02
NFLX,4/25/2018 16:00,305.76
NFLX,4/26/2018 16:00,313.98
NFLX,4/27/2018 16:00,311.76
NFLX,4/30/2018 16:00,312.46
NFLX,5/1/2018 16:00,313.3
NFLX,5/2/2018 16:00,313.36
NFLX,5/3/2018 16:00,311.69
NFLX,5/4/2018 16:00,320.09
NFLX,5/7/2018 16:00,326.26
NFLX,5/8/2018 16:00,326.89
NFLX,5/9/2018 16:00,330.3
NFLX,5/10/2018 16:00,329.6
NFLX,5/11/2018 16:00,326.46
NFLX,5/14/2018 16:00,328.53
NFLX,5/15/2018 16:00,326.13
NFLX,5/16/2018 16:00,328.19
NFLX,5/17/2018 16:00,325.22
NFLX,5/18/2018 16:00,324.18
NFLX,5/21/2018 16:00,331.82
NFLX,5/22/2018 16:00,331.62
NFLX,5/23/2018 16:00,344.72
NFLX,5/24/2018 16:00,349.29
NFLX,5/25/2018 16:00,351.29
NFLX,5/29/2018 16:00,349.73
NFLX,5/30/2018 16:00,353.54
NFLX,5/31/2018 16:00,353.54
NFLX,6/1/2018 16:00,359.93
NFLX,6/4/2018 16:00,361.81
NFLX,6/5/2018 16:00,365.8
NFLX,6/6/2018 16:00,367.45
NFLX,6/7/2018 16:00,361.4
NFLX,6/8/2018 16:00,360.57
NFLX,6/11/2018 16:00,361.45
NFLX,6/12/2018 16:00,363.83
NFLX,6/13/2018 16:00,379.93
NFLX,6/14/2018 16:00,392.87
NFLX,6/15/2018 16:00,391.98
NFLX,6/18/2018 16:00,390.4
NFLX,6/19/2018 16:00,404.98
NFLX,6/20/2018 16:00,416.76
NFLX,6/21/2018 16:00,415.44
NFLX,6/22/2018 16:00,411.09
NFLX,6/25/2018 16:00,384.48
NFLX,6/26/2018 16:00,399.39
NFLX,6/27/2018 16:00,390.39
NFLX,6/28/2018 16:00,395.42
NFLX,6/29/2018 16:00,391.43
NFLX,7/2/2018 16:00,398.18
NFLX,7/3/2018 13:00,390.52
NFLX,7/5/2018 16:00,398.39
NFLX,7/6/2018 16:00,408.25
NFLX,7/9/2018 16:00,418.97
NFLX,7/10/2018 16:00,415.63
NFLX,7/11/2018 16:00,418.65
NFLX,7/12/2018 16:00,413.5
NFLX,7/13/2018 16:00,395.8
NFLX,7/16/2018 16:00,400.48
NFLX,7/17/2018 16:00,379.48
NFLX,7/18/2018 16:00,375.13
NFLX,7/19/2018 16:00,364.23
NFLX,7/20/2018 16:00,361.05
NFLX,7/23/2018 16:00,362.66
NFLX,7/24/2018 16:00,357.32
NFLX,7/25/2018 16:00,362.87
NFLX,7/26/2018 16:00,363.09
NFLX,7/27/2018 16:00,355.21
NFLX,7/30/2018 16:00,334.96
NFLX,7/31/2018 16:00,337.45
NFLX,8/1/2018 16:00,338.38
NFLX,8/2/2018 16:00,344.5
NFLX,8/3/2018 16:00,343.09
NFLX,8/6/2018 16:00,350.92
NFLX,8/7/2018 16:00,351.83
NFLX,8/8/2018 16:00,347.61
NFLX,8/9/2018 16:00,349.36
NFLX,8/10/2018 16:00,345.87
NFLX,8/13/2018 16:00,341.31
NFLX,8/14/2018 16:00,337.49
NFLX,8/15/2018 16:00,326.4
NFLX,8/16/2018 16:00,322.44
NFLX,8/17/2018 16:00,316.78
NFLX,8/20/2018 16:00,327.73
NFLX,8/21/2018 16:00,338.02
NFLX,8/22/2018 16:00,344.44
NFLX,8/23/2018 16:00,339.17
NFLX,8/24/2018 16:00,358.82
NFLX,8/27/2018 16:00,364.58
NFLX,8/28/2018 16:00,368.49
NFLX,8/29/2018 16:00,368.04
NFLX,8/30/2018 16:00,370.98
NFLX,8/31/2018 16:00,367.68
NFLX,9/4/2018 16:00,363.6
NFLX,9/5/2018 16:00,341.18
NFLX,9/6/2018 16:00,346.46
NFLX,9/7/2018 16:00,348.68
NFLX,9/10/2018 16:00,348.41
NFLX,9/11/2018 16:00,355.93
NFLX,9/12/2018 16:00,369.95
NFLX,9/13/2018 16:00,368.15
NFLX,9/14/2018 16:00,364.56
NFLX,9/17/2018 16:00,350.35
NFLX,9/18/2018 16:00,367.65
NFLX,9/19/2018 16:00,366.96
NFLX,9/20/2018 16:00,365.36
NFLX,9/21/2018 16:00,361.19
NFLX,9/24/2018 16:00,369.61
NFLX,9/25/2018 16:00,369.43
NFLX,9/26/2018 16:00,377.88
NFLX,9/27/2018 16:00,380.71
NFLX,9/28/2018 16:00,374.13
NFLX,10/1/2018 16:00,381.43
NFLX,10/2/2018 16:00,377.14
NFLX,10/3/2018 16:00,377.05
NFLX,10/4/2018 16:00,363.65
NFLX,10/5/2018 16:00,351.35
NFLX,10/8/2018 16:00,349.1
NFLX,10/9/2018 16:00,355.71
NFLX,10/10/2018 16:00,325.89
NFLX,10/11/2018 16:00,321.1
NFLX,10/12/2018 16:00,339.56
NFLX,10/15/2018 16:00,333.13
NFLX,10/16/2018 16:00,346.4
NFLX,10/17/2018 16:00,364.7
NFLX,10/18/2018 16:00,346.71
NFLX,10/19/2018 16:00,332.67
NFLX,10/22/2018 16:00,329.54
NFLX,10/23/2018 16:00,333.16
NFLX,10/24/2018 16:00,301.83
NFLX,10/25/2018 16:00,312.87
NFLX,10/26/2018 16:00,299.83
NFLX,10/29/2018 16:00,284.84
NFLX,10/30/2018 16:00,285.81
NFLX,10/31/2018 16:00,301.78
NFLX,11/1/2018 16:00,317.38
NFLX,11/2/2018 16:00,309.1
NFLX,11/5/2018 16:00,315.44
NFLX,11/6/2018 16:00,310.84
NFLX,11/7/2018 16:00,327.5
NFLX,11/8/2018 16:00,317.92
NFLX,11/9/2018 16:00,303.47
NFLX,11/12/2018 16:00,294.07
NFLX,11/13/2018 16:00,294.4
NFLX,11/14/2018 16:00,286.73
NFLX,11/15/2018 16:00,290.06
NFLX,11/16/2018 16:00,286.21
NFLX,11/19/2018 16:00,270.6
NFLX,11/20/2018 16:00,266.98
NFLX,11/21/2018 16:00,262.13
NFLX,11/23/2018 13:00,258.82
NFLX,11/26/2018 16:00,261.43
NFLX,11/27/2018 16:00,266.63
NFLX,11/28/2018 16:00,282.65
NFLX,11/29/2018 16:00,288.75
NFLX,11/30/2018 16:00,286.13
NFLX,12/3/2018 16:00,290.3
NFLX,12/4/2018 16:00,275.33
NFLX,12/6/2018 16:00,282.88
NFLX,12/7/2018 16:00,265.14
NFLX,12/10/2018 16:00,269.7
NFLX,12/11/2018 16:00,265.32
NFLX,12/12/2018 16:00,274.88
NFLX,12/13/2018 16:00,276.02
NFLX,12/14/2018 16:00,266.84
NFLX,12/17/2018 16:00,262.8
NFLX,12/18/2018 16:00,270.94
NFLX,12/19/2018 16:00,266.77
NFLX,12/20/2018 16:00,260.58
NFLX,12/21/2018 16:00,246.39
NFLX,12/24/2018 13:00,233.88
NFLX,12/26/2018 16:00,253.67
NFLX,12/27/2018 16:00,255.57
NFLX,12/28/2018 16:00,256.08
NFLX,12/31/2018 16:00,267.66
NFLX,1/2/2019 16:00,267.66
NFLX,1/3/2019 16:00,271.2
NFLX,1/4/2019 16:00,297.57
NFLX,1/7/2019 16:00,315.34
NFLX,1/8/2019 16:00,320.27
NFLX,1/9/2019 16:00,319.96
NFLX,1/10/2019 16:00,324.66
NFLX,1/11/2019 16:00,337.59
NFLX,1/14/2019 16:00,332.94
NFLX,1/15/2019 16:00,354.64
NFLX,1/16/2019 16:00,351.39
NFLX,1/17/2019 16:00,353.19
NFLX,1/18/2019 16:00,339.1
NFLX,1/22/2019 16:00,325.16
NFLX,1/23/2019 16:00,321.99
NFLX,1/24/2019 16:00,326.67
NFLX,1/25/2019 16:00,338.05
NFLX,1/28/2019 16:00,335.66
NFLX,1/29/2019 16:00,328.9
NFLX,1/30/2019 16:00,340.66
NFLX,1/31/2019 16:00,339.5
NFLX,2/1/2019 16:00,339.85
NFLX,2/4/2019 16:00,351.34
NFLX,2/5/2019 16:00,355.81
NFLX,2/6/2019 16:00,352.19
NFLX,2/7/2019 16:00,344.71
NFLX,2/8/2019 16:00,347.57
NFLX,2/11/2019 16:00,345.73
NFLX,2/12/2019 16:00,359.97
NFLX,2/13/2019 16:00,351.77
NFLX,2/14/2019 16:00,359.07
NFLX,2/15/2019 16:00,356.87
NFLX,2/19/2019 16:00,361.92
NFLX,2/20/2019 16:00,359.91
NFLX,2/21/2019 16:00,356.97
NFLX,2/22/2019 16:00,363.02
NFLX,2/25/2019 16:00,363.91
NFLX,2/26/2019 16:00,364.97
NFLX,2/27/2019 16:00,362.87
NFLX,2/28/2019 16:00,358.1
NFLX,3/1/2019 16:00,357.32
NFLX,3/4/2019 16:00,351.04
NFLX,3/5/2019 16:00,354.3
NFLX,3/6/2019 16:00,359.61
NFLX,3/7/2019 16:00,352.6
NFLX,3/8/2019 16:00,349.6
NFLX,3/11/2019 16:00,358.86
NFLX,3/12/2019 16:00,356.27
NFLX,3/13/2019 16:00,361.21
NFLX,3/14/2019 16:00,358.82
NFLX,3/15/2019 16:00,361.46
NFLX,3/18/2019 16:00,363.44
NFLX,3/19/2019 16:00,358.78
NFLX,3/20/2019 16:00,375.22
NFLX,3/21/2019 16:00,377.87
NFLX,3/22/2019 16:00,361.01
NFLX,3/25/2019 16:00,366.23
NFLX,3/26/2019 16:00,359.97
NFLX,3/27/2019 16:00,353.37
NFLX,3/28/2019 16:00,354.61
NFLX,3/29/2019 16:00,356.56
NFLX,4/1/2019 16:00,366.96
NFLX,4/2/2019 16:00,367.72
NFLX,4/3/2019 16:00,369.75
NFLX,4/4/2019 16:00,367.88
NFLX,4/5/2019 16:00,365.49
NFLX,4/8/2019 16:00,361.41
NFLX,4/9/2019 16:00,364.71
NFLX,4/10/2019 16:00,363.92
NFLX,4/11/2019 16:00,367.65
NFLX,4/12/2019 16:00,351.14
NFLX,4/15/2019 16:00,348.87
NFLX,4/16/2019 16:00,359.46
NFLX,4/17/2019 16:00,354.74
NFLX,4/18/2019 16:00,360.35
NFLX,4/22/2019 16:00,377.34
NFLX,4/23/2019 16:00,381.89
NFLX,4/24/2019 16:00,374.23
NFLX,4/25/2019 16:00,368.33
NFLX,4/26/2019 16:00,374.85
NFLX,4/29/2019 16:00,371.83
NFLX,4/30/2019 16:00,370.54
NFLX,5/1/2019 16:00,378.81
NFLX,5/2/2019 16:00,379.06
NFLX,5/3/2019 16:00,385.03
NFLX,5/6/2019 16:00,378.67
NFLX,5/7/2019 16:00,370.46
NFLX,5/8/2019 16:00,364.37
NFLX,5/9/2019 16:00,362.75
NFLX,5/10/2019 16:00,361.04
NFLX,5/13/2019 16:00,345.26
NFLX,5/14/2019 16:00,345.61
NFLX,5/15/2019 16:00,354.99
NFLX,5/16/2019 16:00,359.31
NFLX,5/17/2019 16:00,354.45
NFLX,5/20/2019 16:00,348.11
NFLX,5/21/2019 16:00,354.27
NFLX,5/22/2019 16:00,359.73
NFLX,5/23/2019 16:00,352.21
NFLX,5/24/2019 16:00,354.39
NFLX,5/28/2019 16:00,354.78
NFLX,5/29/2019 16:00,349.19
NFLX,5/30/2019 16:00,351.85
NFLX,5/31/2019 16:00,343.28
NFLX,6/3/2019 16:00,336.63
NFLX,6/4/2019 16:00,353.4
NFLX,6/5/2019 16:00,355.73
NFLX,6/6/2019 16:00,357.13
NFLX,6/7/2019 16:00,360.87
NFLX,6/10/2019 16:00,352.01
NFLX,6/11/2019 16:00,351.27
NFLX,6/12/2019 16:00,345.56
NFLX,6/13/2019 16:00,343.43
NFLX,6/14/2019 16:00,339.73
NFLX,6/17/2019 16:00,350.62
NFLX,6/18/2019 16:00,357.12
NFLX,6/19/2019 16:00,363.52
NFLX,6/20/2019 16:00,365.21
NFLX,6/21/2019 16:00,369.21
NFLX,6/24/2019 16:00,371.04
NFLX,6/25/2019 16:00,360.3
NFLX,6/26/2019 16:00,362.2
NFLX,6/27/2019 16:00,370.02
NFLX,6/28/2019 16:00,367.32
NFLX,7/1/2019 16:00,374.6
NFLX,7/2/2019 16:00,375.43
NFLX,7/3/2019 13:00,381.72
NFLX,7/5/2019 16:00,380.55
NFLX,7/8/2019 16:00,376.16
NFLX,7/9/2019 16:00,379.93
NFLX,7/10/2019 16:00,381
NFLX,7/11/2019 16:00,379.5
NFLX,7/12/2019 16:00,373.25
NFLX,7/15/2019 16:00,366.6
NFLX,7/16/2019 16:00,365.99
NFLX,7/17/2019 16:00,362.44
NFLX,7/18/2019 16:00,325.21
NFLX,7/19/2019 16:00,315.1
NFLX,7/22/2019 16:00,310.62
NFLX,7/23/2019 16:00,307.3
NFLX,7/24/2019 16:00,317.94
NFLX,7/25/2019 16:00,326.46
NFLX,7/26/2019 16:00,335.78
NFLX,7/29/2019 16:00,332.7
NFLX,7/30/2019 16:00,325.93
NFLX,7/31/2019 16:00,322.99
NFLX,8/1/2019 16:00,319.5
NFLX,8/2/2019 16:00,318.83
NFLX,8/5/2019 16:00,307.63
NFLX,8/6/2019 16:00,310.1
NFLX,8/7/2019 16:00,304.29
NFLX,8/8/2019 16:00,315.9
NFLX,8/9/2019 16:00,308.93
NFLX,8/12/2019 16:00,310.83
NFLX,8/13/2019 16:00,312.28
NFLX,8/14/2019 16:00,299.11
NFLX,8/15/2019 16:00,295.76
NFLX,8/16/2019 16:00,302.8
NFLX,8/19/2019 16:00,309.38
NFLX,8/20/2019 16:00,298.99
NFLX,8/21/2019 16:00,297.81
NFLX,8/22/2019 16:00,296.93
NFLX,8/23/2019 16:00,291.44
NFLX,8/26/2019 16:00,294.98
NFLX,8/27/2019 16:00,291.03
NFLX,8/28/2019 16:00,291.77
NFLX,8/29/2019 16:00,296.78
NFLX,8/30/2019 16:00,293.75
NFLX,9/3/2019 16:00,289.29
NFLX,9/4/2019 16:00,291.52
NFLX,9/5/2019 16:00,293.25
NFLX,9/6/2019 16:00,290.17
NFLX,9/9/2019 16:00,294.34
NFLX,9/10/2019 16:00,287.99
NFLX,9/11/2019 16:00,288.27
NFLX,9/12/2019 16:00,288.86
NFLX,9/13/2019 16:00,294.15
NFLX,9/16/2019 16:00,294.29
NFLX,9/17/2019 16:00,298.6
NFLX,9/18/2019 16:00,291.56
NFLX,9/19/2019 16:00,286.6
NFLX,9/20/2019 16:00,270.75
NFLX,9/23/2019 16:00,265.92
NFLX,9/24/2019 16:00,254.59
NFLX,9/25/2019 16:00,264.75
NFLX,9/26/2019 16:00,263.31
NFLX,9/27/2019 16:00,263.08
NFLX,9/30/2019 16:00,267.62
NFLX,10/1/2019 16:00,269.58
NFLX,10/2/2019 16:00,268.03
NFLX,10/3/2019 16:00,268.15
NFLX,10/4/2019 16:00,272.79
NFLX,10/7/2019 16:00,274.46
NFLX,10/8/2019 16:00,270.72
NFLX,10/9/2019 16:00,267.53
NFLX,10/10/2019 16:00,280.48
NFLX,10/11/2019 16:00,282.93
NFLX,10/14/2019 16:00,285.53
NFLX,10/15/2019 16:00,284.25
NFLX,10/16/2019 16:00,286.28
NFLX,10/17/2019 16:00,293.35
NFLX,10/18/2019 16:00,275.3
NFLX,10/21/2019 16:00,278.05
NFLX,10/22/2019 16:00,266.69
NFLX,10/23/2019 16:00,271.27
NFLX,10/24/2019 16:00,271.5
NFLX,10/25/2019 16:00,276.82
NFLX,10/28/2019 16:00,281.86
NFLX,10/29/2019 16:00,281.21
NFLX,10/30/2019 16:00,291.45
NFLX,10/31/2019 16:00,287.41
NFLX,11/1/2019 16:00,286.81
NFLX,11/4/2019 16:00,292.86
NFLX,11/5/2019 16:00,288.03
NFLX,11/6/2019 16:00,288.59
NFLX,11/7/2019 16:00,289.57
NFLX,11/8/2019 16:00,291.57
NFLX,11/11/2019 16:00,294.18
NFLX,11/12/2019 16:00,292.01
NFLX,11/13/2019 16:00,283.11
NFLX,11/14/2019 16:00,289.62
NFLX,11/15/2019 16:00,295.03
NFLX,11/18/2019 16:00,302.57
NFLX,11/19/2019 16:00,302.6
NFLX,11/20/2019 16:00,305.16
NFLX,11/21/2019 16:00,311.69
NFLX,11/22/2019 16:00,310.48
NFLX,11/25/2019 16:00,315.55
NFLX,11/26/2019 16:00,312.49
NFLX,11/27/2019 16:00,315.93
NFLX,11/29/2019 13:00,314.66
NFLX,12/2/2019 16:00,309.99
NFLX,12/3/2019 16:00,306.16
NFLX,12/4/2019 16:00,304.32
NFLX,12/5/2019 16:00,302.86
NFLX,12/6/2019 16:00,307.35
NFLX,12/9/2019 16:00,302.5
NFLX,12/10/2019 16:00,293.12
NFLX,12/11/2019 16:00,298.93
NFLX,12/12/2019 16:00,298.44
NFLX,12/13/2019 16:00,298.5
NFLX,12/16/2019 16:00,304.21
NFLX,12/17/2019 16:00,315.48
NFLX,12/18/2019 16:00,320.8
NFLX,12/19/2019 16:00,332.22
NFLX,12/20/2019 16:00,336.9
NFLX,12/23/2019 16:00,333.1
NFLX,12/24/2019 13:00,333.2
NFLX,12/26/2019 16:00,332.63
NFLX,12/27/2019 16:00,329.09
NFLX,12/30/2019 16:00,323.31
NFLX,12/31/2019 16:00,323.57
NFLX,1/2/2020 16:00,329.81
NFLX,1/3/2020 16:00,325.9
NFLX,1/6/2020 16:00,335.83
NFLX,1/7/2020 16:00,330.75
NFLX,1/8/2020 16:00,339.26
NFLX,1/9/2020 16:00,335.66
NFLX,1/10/2020 16:00,329.05
NFLX,1/13/2020 16:00,338.92
NFLX,1/14/2020 16:00,338.69
NFLX,1/15/2020 16:00,339.07
NFLX,1/16/2020 16:00,338.62
NFLX,1/17/2020 16:00,339.67
NFLX,1/21/2020 16:00,338.11
NFLX,1/22/2020 16:00,326
NFLX,1/23/2020 16:00,349.6
NFLX,1/24/2020 16:00,353.16
NFLX,1/27/2020 16:00,342.88
NFLX,1/28/2020 16:00,348.52
NFLX,1/29/2020 16:00,343.16
NFLX,1/30/2020 16:00,347.74
NFLX,1/31/2020 16:00,345.09
NFLX,2/3/2020 16:00,358
NFLX,2/4/2020 16:00,369.01
NFLX,2/5/2020 16:00,369.67
NFLX,2/6/2020 16:00,366.95
NFLX,2/7/2020 16:00,366.77
NFLX,2/10/2020 16:00,371.07
NFLX,2/11/2020 16:00,373.69
NFLX,2/12/2020 16:00,380.01
NFLX,2/13/2020 16:00,381.4
NFLX,2/14/2020 16:00,380.4
NFLX,2/18/2020 16:00,387.78
NFLX,2/19/2020 16:00,386.19
NFLX,2/20/2020 16:00,386
NFLX,2/21/2020 16:00,380.07
NFLX,2/24/2020 16:00,368.7
NFLX,2/25/2020 16:00,360.09
NFLX,2/26/2020 16:00,379.24
NFLX,2/27/2020 16:00,371.71
NFLX,2/28/2020 16:00,369.03
NFLX,3/2/2020 16:00,381.05
NFLX,3/3/2020 16:00,368.77
NFLX,3/4/2020 16:00,383.79
NFLX,3/5/2020 16:00,372.78
NFLX,3/6/2020 16:00,368.97
NFLX,3/9/2020 16:00,346.49
NFLX,3/10/2020 16:00,364.13
NFLX,3/11/2020 16:00,349.92
NFLX,3/12/2020 16:00,315.25
NFLX,3/13/2020 16:00,336.3
NFLX,3/16/2020 16:00,298.84
NFLX,3/17/2020 16:00,319.75
NFLX,3/18/2020 16:00,315.47
NFLX,3/19/2020 16:00,332.03
NFLX,3/20/2020 16:00,332.83
NFLX,3/23/2020 16:00,360.27
NFLX,3/24/2020 16:00,357.32
NFLX,3/25/2020 16:00,342.39
NFLX,3/26/2020 16:00,362.99
NFLX,3/27/2020 16:00,357.12
NFLX,3/30/2020 16:00,370.96
NFLX,3/31/2020 16:00,375.5
NFLX,4/1/2020 16:00,364.08
NFLX,4/2/2020 16:00,370.08
NFLX,4/3/2020 16:00,361.76
NFLX,4/6/2020 16:00,379.96
NFLX,4/7/2020 16:00,372.28
NFLX,4/8/2020 16:00,371.12
NFLX,4/9/2020 16:00,370.72
NFLX,4/13/2020 16:00,396.72
NFLX,4/14/2020 16:00,413.55
NFLX,4/15/2020 16:00,426.75
NFLX,4/16/2020 16:00,439.17
NFLX,4/17/2020 16:00,422.96
NFLX,4/20/2020 16:00,437.49
NFLX,4/21/2020 16:00,433.83
NFLX,4/22/2020 16:00,421.42
NFLX,4/23/2020 16:00,426.7
NFLX,4/24/2020 16:00,424.99
NFLX,4/27/2020 16:00,421.38
NFLX,4/28/2020 16:00,403.83
NFLX,4/29/2020 16:00,411.89
NFLX,4/30/2020 16:00,419.85
NFLX,5/1/2020 16:00,415.27
NFLX,5/4/2020 16:00,428.15
NFLX,5/5/2020 16:00,424.68
NFLX,5/6/2020 16:00,434.26
NFLX,5/7/2020 16:00,436.53
NFLX,5/8/2020 16:00,435.55
NFLX,5/11/2020 16:00,440.52
NFLX,5/12/2020 16:00,431.82
NFLX,5/13/2020 16:00,438.27
NFLX,5/14/2020 16:00,441.95
NFLX,5/15/2020 16:00,454.19
NFLX,5/18/2020 16:00,452.58
NFLX,5/19/2020 16:00,451.04
NFLX,5/20/2020 16:00,447.67
NFLX,5/21/2020 16:00,436.25
NFLX,5/22/2020 16:00,429.32
NFLX,5/26/2020 16:00,414.77
NFLX,5/27/2020 16:00,419.89
NFLX,5/28/2020 16:00,413.44
NFLX,5/29/2020 16:00,419.73
NFLX,6/1/2020 16:00,425.92
NFLX,6/2/2020 16:00,427.31
NFLX,6/3/2020 16:00,421.97
NFLX,6/4/2020 16:00,414.33
NFLX,6/5/2020 16:00,419.6
NFLX,6/8/2020 16:00,419.49
NFLX,6/9/2020 16:00,434.05
NFLX,6/10/2020 16:00,434.48
NFLX,6/11/2020 16:00,425.56
NFLX,6/12/2020 16:00,418.07
NFLX,6/15/2020 16:00,425.5
NFLX,6/16/2020 16:00,436.13
NFLX,6/17/2020 16:00,447.77
NFLX,6/18/2020 16:00,449.87
NFLX,6/19/2020 16:00,453.72
NFLX,6/22/2020 16:00,468.04
NFLX,6/23/2020 16:00,466.26
NFLX,6/24/2020 16:00,457.85
NFLX,6/25/2020 16:00,465.91
NFLX,6/26/2020 16:00,443.4
NFLX,6/29/2020 16:00,447.24
NFLX,6/30/2020 16:00,455.04
NFLX,7/1/2020 16:00,485.64
NFLX,7/2/2020 16:00,476.89
NFLX,7/6/2020 16:00,493.81
NFLX,7/7/2020 16:00,493.16
NFLX,7/8/2020 16:00,502.78
NFLX,7/9/2020 16:00,507.76
NFLX,7/10/2020 16:00,548.73
NFLX,7/13/2020 16:00,525.5
NFLX,7/14/2020 16:00,524.88
NFLX,7/15/2020 16:00,523.26
NFLX,7/16/2020 16:00,527.39
NFLX,7/17/2020 16:00,492.99
NFLX,7/20/2020 16:00,502.41
NFLX,7/21/2020 16:00,490.1
NFLX,7/22/2020 16:00,489.82
NFLX,7/23/2020 16:00,477.58
NFLX,7/24/2020 16:00,480.45
NFLX,7/27/2020 16:00,495.65
NFLX,7/28/2020 16:00,488.51
NFLX,7/29/2020 16:00,484.48
NFLX,7/30/2020 16:00,485.8
NFLX,7/31/2020 16:00,488.88
NFLX,8/3/2020 16:00,498.62
NFLX,8/4/2020 16:00,509.64
NFLX,8/5/2020 16:00,502.11
NFLX,8/6/2020 16:00,509.08
NFLX,8/7/2020 16:00,494.73
NFLX,8/10/2020 16:00,483.38
NFLX,8/11/2020 16:00,466.93
NFLX,8/12/2020 16:00,475.47
NFLX,8/13/2020 16:00,481.33
NFLX,8/14/2020 16:00,482.68
NFLX,8/17/2020 16:00,482.35
NFLX,8/18/2020 16:00,491.87
NFLX,8/19/2020 16:00,484.53
NFLX,8/20/2020 16:00,497.9
NFLX,8/21/2020 16:00,492.31
NFLX,8/24/2020 16:00,488.81
NFLX,8/25/2020 16:00,490.58
NFLX,8/26/2020 16:00,547.53
NFLX,8/27/2020 16:00,526.27
NFLX,8/28/2020 16:00,523.89
NFLX,8/31/2020 16:00,529.56
NFLX,9/1/2020 16:00,556.55
NFLX,9/2/2020 16:00,552.84
NFLX,9/3/2020 16:00,525.75
NFLX,9/4/2020 16:00,516.05
NFLX,9/8/2020 16:00,507.02
NFLX,9/9/2020 16:00,500.19
NFLX,9/10/2020 16:00,480.67
NFLX,9/11/2020 16:00,482.03
NFLX,9/14/2020 16:00,476.26
NFLX,9/15/2020 16:00,495.99
NFLX,9/16/2020 16:00,483.86
NFLX,9/17/2020 16:00,470.2
NFLX,9/18/2020 16:00,469.96
NFLX,9/21/2020 16:00,487.35
NFLX,9/22/2020 16:00,491.17
NFLX,9/23/2020 16:00,470.61
NFLX,9/24/2020 16:00,473.08
NFLX,9/25/2020 16:00,482.88
NFLX,9/28/2020 16:00,490.65
NFLX,9/29/2020 16:00,493.48
NFLX,9/30/2020 16:00,500.03
NFLX,10/1/2020 16:00,527.51
NFLX,10/2/2020 16:00,503.06
NFLX,10/5/2020 16:00,520.65
NFLX,10/6/2020 16:00,505.87
NFLX,10/7/2020 16:00,534.66
NFLX,10/8/2020 16:00,531.79
NFLX,10/9/2020 16:00,539.44
NFLX,10/12/2020 16:00,539.81
NFLX,10/13/2020 16:00,554.09
NFLX,10/14/2020 16:00,541.45
NFLX,10/15/2020 16:00,541.94
NFLX,10/16/2020 16:00,530.79
NFLX,10/19/2020 16:00,530.72
NFLX,10/20/2020 16:00,525.42
NFLX,10/21/2020 16:00,489.05
NFLX,10/22/2020 16:00,485.23
NFLX,10/23/2020 16:00,488.28
NFLX,10/26/2020 16:00,488.24
NFLX,10/27/2020 16:00,488.93
NFLX,10/28/2020 16:00,486.24
NFLX,10/29/2020 16:00,504.21
